1	0.00000	85.399	-13.290	402.780	349.229	-11.184	380.460
2	0.00200	85.365	-13.263	402.795	348.394	-11.198	380.426
3	0.00400	85.373	-13.263	402.785	347.542	-11.200	380.233
4	0.00600	85.400	-13.255	402.757	346.808	-11.205	380.354
5	0.00800	85.398	-13.256	402.780	345.977	-11.214	380.297
6	0.01000	85.358	-13.262	402.758	345.227	-11.195	380.411
7	0.01200	85.414	-13.229	402.785	344.445	-11.223	380.464
8	0.01400	85.390	-13.256	402.789	343.649	-11.217	380.443
9	0.01600	85.416	-13.242	402.762	342.830	-11.231	380.356
10	0.01800	85.398	-13.229	402.780	342.079	-11.215	380.362
11	0.02000	85.398	-13.229	402.780	341.232	-11.229	380.233
12	0.02200	85.399	-13.222	402.757	340.467	-11.225	380.340
13	0.02400	85.416	-13.201	402.762	339.624	-11.225	380.188
14	0.02600	85.423	-13.195	402.775	338.849	-11.217	380.129
15	0.02800	85.447	-13.169	402.793	338.069	-11.208	380.164
16	0.03000	85.408	-13.174	402.748	337.317	-11.185	380.349
17	0.03200	85.382	-13.182	402.777	336.493	-11.181	380.223
18	0.03400	85.394	-13.177	402.849	335.665	-11.196	380.258
19	0.03600	85.400	-13.161	402.735	334.840	-11.170	380.202
20	0.03800	85.374	-13.155	402.764	334.047	-11.166	380.205
21	0.04000	85.406	-13.135	402.773	333.262	-11.160	380.158
22	0.04200	85.399	-13.135	402.759	332.459	-11.121	380.238
23	0.04400	85.396	-13.116	402.805	331.655	-11.130	380.142
24	0.04600	85.396	-13.096	402.805	330.879	-11.141	380.089
25	0.04800	85.372	-13.102	402.788	330.045	-11.119	380.152
26	0.05000	85.388	-13.123	402.814	329.234	-11.108	380.109
27	0.05200	85.362	-13.110	402.820	328.435	-11.119	380.099
28	0.05400	85.397	-13.088	402.782	327.646	-11.101	380.016
29	0.05600	85.356	-13.102	402.783	326.848	-11.149	380.114
30	0.05800	85.371	-13.076	402.810	326.030	-11.118	380.123
31	0.06000	85.396	-13.102	402.805	325.184	-11.112	380.090
32	0.06200	85.380	-13.102	402.801	324.437	-11.101	380.057
33	0.06400	85.362	-13.075	402.819	323.627	-11.106	380.060
34	0.06600	85.345	-13.076	402.838	322.813	-11.100	379.980
35	0.06800	85.345	-13.069	402.838	322.021	-11.099	380.033
36	0.07000	85.312	-13.076	402.830	321.251	-11.107	380.044
37	0.07200	85.370	-13.076	402.833	320.420	-11.085	380.024
38	0.07400	85.376	-13.083	402.869	319.626	-11.100	379.971
39	0.07600	85.351	-13.077	402.875	318.824	-11.100	379.969
40	0.07800	85.321	-13.069	402.821	318.084	-11.065	379.999
41	0.08000	85.328	-13.049	402.835	317.237	-11.088	379.973
42	0.08200	85.351	-13.083	402.875	316.463	-11.057	379.946
43	0.08400	85.369	-13.063	402.856	315.634	-11.072	379.905
44	0.08600	85.336	-13.063	402.848	314.887	-11.063	379.986
45	0.08800	85.351	-13.050	402.876	314.128	-11.093	380.036
46	0.09000	85.353	-13.049	402.830	313.339	-11.080	379.938
47	0.09200	85.368	-13.057	402.857	312.522	-11.094	379.932
48	0.09400	85.362	-13.062	402.820	311.765	-11.093	379.959
49	0.09600	85.345	-13.063	402.839	310.954	-11.092	379.838
50	0.09800	85.387	-13.056	402.815	310.191	-11.092	379.915
51	0.10000	85.371	-13.062	402.811	309.353	-11.110	379.820
52	0.10200	85.348	-13.075	402.770	308.638	-11.095	379.898
53	0.10400	85.345	-13.089	402.838	307.759	-11.099	379.731
54	0.10600	85.352	-13.070	402.852	307.063	-11.108	379.857
55	0.10800	85.347	-13.082	402.793	306.195	-11.125	379.791
56	0.11000	85.340	-13.088	402.779	305.447	-11.124	379.813
57	0.11200	85.340	-13.095	402.778	304.632	-11.101	379.722
58	0.11400	85.320	-13.083	402.843	303.868	-11.103	379.737
59	0.11600	85.297	-13.095	402.803	303.070	-11.127	379.696
60	0.11800	85.321	-13.095	402.820	302.334	-11.128	379.819
61	0.12000	85.341	-13.095	402.756	301.518	-11.146	379.797
62	0.12200	85.312	-13.103	402.829	300.711	-11.144	379.699
63	0.12400	85.320	-13.116	402.842	299.940	-11.136	379.701
64	0.12600	85.305	-13.122	402.816	299.166	-11.131	379.729
65	0.12800	85.314	-13.129	402.806	298.420	-11.144	379.730
66	0.13000	85.314	-13.116	402.807	297.621	-11.148	379.693
67	0.13200	85.295	-13.123	402.848	296.837	-11.142	379.796
68	0.13400	85.340	-13.135	402.778	296.057	-11.138	379.744
69	0.13600	85.321	-13.149	402.820	295.292	-11.125	379.700
70	0.13800	85.363	-13.150	402.819	294.490	-11.135	379.625
71	0.14000	85.365	-13.162	402.773	293.742	-11.119	379.695
72	0.14200	85.346	-13.163	402.815	292.971	-11.142	379.636
73	0.14400	85.340	-13.162	402.778	292.183	-11.140	379.702
74	0.14600	85.371	-13.183	402.831	291.432	-11.119	379.667
75	0.14800	85.351	-13.175	402.723	290.676	-11.137	379.683
76	0.15000	85.364	-13.189	402.795	289.888	-11.133	379.619
77	0.15200	85.363	-13.203	402.818	289.094	-11.124	379.604
78	0.15400	85.323	-13.202	402.795	288.358	-11.129	379.645
79	0.15600	85.380	-13.196	402.799	287.598	-11.139	379.623
80	0.15800	85.324	-13.215	402.773	286.872	-11.138	379.591
81	0.16000	85.358	-13.229	402.759	286.111	-11.126	379.634
82	0.16200	85.358	-13.209	402.759	285.265	-11.112	379.429
83	0.16400	85.348	-13.209	402.791	284.511	-11.101	379.490
84	0.16600	85.357	-13.216	402.781	283.747	-11.123	379.429
85	0.16800	85.338	-13.230	402.823	283.029	-11.100	379.588
86	0.17000	85.346	-13.230	402.836	282.236	-11.104	379.423
87	0.17200	85.333	-13.229	402.764	281.481	-11.098	379.486
88	0.17400	85.325	-13.249	402.750	280.685	-11.089	379.412
89	0.17600	85.370	-13.231	402.854	279.949	-11.094	379.524
90	0.17800	85.308	-13.236	402.769	279.199	-11.096	379.475
91	0.18000	85.315	-13.236	402.782	278.500	-11.101	379.619
92	0.18200	85.314	-13.263	402.805	277.669	-11.069	379.427
93	0.18400	85.325	-13.249	402.750	276.916	-11.080	379.534
94	0.18600	85.282	-13.250	402.796	276.138	-11.079	379.447
95	0.18800	85.341	-13.242	402.777	275.410	-11.071	379.488
96	0.19000	85.300	-13.262	402.755	274.609	-11.075	379.377
97	0.19200	85.307	-13.269	402.791	273.956	-11.086	379.481
98	0.19400	85.306	-13.276	402.813	273.137	-11.097	379.390
99	0.19600	85.287	-13.271	402.855	272.462	-11.096	379.536
100	0.19800	85.296	-13.291	402.846	271.664	-11.088	379.405
101	0.20000	85.273	-13.277	402.805	270.922	-11.073	379.417
102	0.20200	85.282	-13.283	402.796	270.154	-11.063	379.301
103	0.20400	85.256	-13.283	402.823	269.392	-11.083	379.421
104	0.20600	85.263	-13.290	402.837	268.665	-11.098	379.377
105	0.20800	85.263	-13.277	402.837	267.972	-11.115	379.542
106	0.21000	85.256	-13.310	402.823	267.180	-11.108	379.495
107	0.21200	85.221	-13.304	402.861	266.442	-11.123	379.550
108	0.21400	85.229	-13.304	402.874	265.663	-11.132	379.381
109	0.21600	85.270	-13.317	402.873	264.978	-11.133	379.475
110	0.21800	85.236	-13.331	402.887	264.244	-11.136	379.419
111	0.22000	85.278	-13.324	402.886	263.511	-11.120	379.427
112	0.22200	85.256	-13.336	402.822	262.751	-11.137	379.308
113	0.22400	85.240	-13.323	402.819	262.068	-11.158	379.379
114	0.22600	85.222	-13.336	402.836	261.278	-11.130	379.377
115	0.22800	85.257	-13.316	402.800	260.581	-11.132	379.353
116	0.23000	85.255	-13.330	402.845	259.864	-11.134	379.371
117	0.23200	85.262	-13.324	402.859	259.123	-11.129	379.367
118	0.23400	85.264	-13.316	402.836	258.407	-11.154	379.297
119	0.23600	85.257	-13.316	402.800	257.733	-11.140	379.362
120	0.23800	85.247	-13.317	402.832	257.025	-11.134	379.284
121	0.24000	85.272	-13.310	402.827	256.309	-11.150	379.281
122	0.24200	85.271	-13.317	402.850	255.588	-11.126	379.327
123	0.24400	85.257	-13.310	402.800	254.836	-11.130	379.270
124	0.24600	85.240	-13.289	402.819	254.120	-11.126	379.267
125	0.24800	85.248	-13.303	402.809	253.394	-11.110	379.275
126	0.25000	85.281	-13.296	402.818	252.683	-11.112	379.224
127	0.25200	85.283	-13.302	402.772	252.001	-11.127	379.213
128	0.25400	85.283	-13.296	402.772	251.315	-11.103	379.227
129	0.25600	85.259	-13.302	402.755	250.603	-11.107	379.267
130	0.25800	85.267	-13.296	402.768	249.904	-11.100	379.249
131	0.26000	85.276	-13.275	402.759	249.156	-11.102	379.236
132	0.26200	85.283	-13.282	402.772	248.518	-11.127	379.272
133	0.26400	85.285	-13.268	402.727	247.797	-11.106	379.234
134	0.26600	85.301	-13.269	402.754	247.103	-11.097	379.170
135	0.26800	85.301	-13.262	402.754	246.433	-11.081	379.194
136	0.27000	85.301	-13.255	402.754	245.740	-11.076	379.196
137	0.27200	85.309	-13.235	402.746	245.000	-11.073	379.177
138	0.27400	85.310	-13.248	402.723	244.304	-11.097	379.139
139	0.27600	85.300	-13.242	402.755	243.649	-11.077	379.172
140	0.27800	85.275	-13.235	402.760	242.959	-11.091	379.150
141	0.28000	85.267	-13.236	402.769	242.284	-11.071	379.136
142	0.28200	85.259	-13.229	402.756	241.508	-11.064	379.066
143	0.28400	85.226	-13.236	402.748	240.826	-11.047	379.127
144	0.28600	85.258	-13.236	402.779	240.146	-11.038	379.074
145	0.28800	85.256	-13.203	402.802	239.462	-11.041	379.071
146	0.29000	85.200	-13.209	402.776	238.834	-11.010	379.080
147	0.29200	85.181	-13.210	402.818	238.155	-11.033	379.028
148	0.29400	85.150	-13.209	402.786	237.490	-11.017	379.073
149	0.29600	85.116	-13.217	402.801	236.846	-11.003	379.076
150	0.29800	85.051	-13.216	402.784	236.248	-10.984	379.035
151	0.30000	84.991	-13.224	402.826	235.653	-10.988	379.124
152	0.30200	84.878	-13.216	402.774	235.039	-10.982	379.078
153	0.30400	84.793	-13.231	402.821	234.490	-10.961	379.122
154	0.30600	84.711	-13.217	402.800	234.017	-10.947	379.226
155	0.30800	84.551	-13.198	402.864	233.453	-10.935	379.175
156	0.31000	84.409	-13.205	402.885	233.044	-10.936	379.218
157	0.31200	84.217	-13.186	402.917	232.543	-10.920	379.196
158	0.31400	84.046	-13.172	402.885	232.174	-10.889	379.243
159	0.31600	83.852	-13.154	402.941	231.768	-10.917	379.260
160	0.31800	83.630	-13.147	402.919	231.489	-10.899	379.333
161	0.32000	83.397	-13.135	402.952	231.173	-10.872	379.352
162	0.32200	83.190	-13.116	402.958	230.928	-10.885	379.325
163	0.32400	82.923	-13.076	403.006	230.691	-10.863	379.225
164	0.32600	82.650	-13.098	403.017	230.488	-10.856	379.266
165	0.32800	82.361	-13.064	403.002	230.325	-10.851	379.249
166	0.33000	82.025	-13.030	402.952	230.256	-10.849	379.270
167	0.33200	81.700	-13.018	402.997	230.193	-10.827	379.244
168	0.33400	81.349	-13.004	402.919	230.179	-10.811	379.301
169	0.33600	81.083	-12.992	402.946	230.161	-10.789	379.231
170	0.33800	80.673	-12.964	402.866	230.172	-10.793	379.197
171	0.34000	80.311	-12.971	402.844	230.220	-10.777	379.218
172	0.34200	79.931	-12.952	402.841	230.238	-10.759	379.112
173	0.34400	79.544	-12.924	402.801	230.307	-10.756	379.090
174	0.34600	79.148	-12.931	402.794	230.352	-10.720	379.047
175	0.34800	78.777	-12.911	402.760	230.468	-10.731	379.044
176	0.35000	78.372	-12.898	402.762	230.573	-10.713	378.987
177	0.35200	77.976	-12.906	402.756	230.643	-10.722	378.941
178	0.35400	77.562	-12.907	402.768	230.762	-10.731	378.915
179	0.35600	77.140	-12.907	402.767	230.874	-10.741	379.026
180	0.35800	76.719	-12.895	402.767	230.997	-10.767	379.039
181	0.36000	76.280	-12.896	402.785	231.156	-10.748	379.106
182	0.36200	75.818	-12.903	402.763	231.297	-10.776	379.014
183	0.36400	75.364	-12.883	402.755	231.397	-10.791	379.005
184	0.36600	74.926	-12.883	402.751	231.542	-10.797	379.042
185	0.36800	74.448	-12.870	402.725	231.707	-10.799	379.123
186	0.37000	73.970	-12.864	402.678	231.826	-10.837	379.098
187	0.37200	73.556	-12.864	402.692	231.942	-10.848	379.096
188	0.37400	73.085	-12.872	402.704	232.112	-10.838	379.040
189	0.37600	72.619	-12.867	402.751	232.247	-10.873	379.020
190	0.37800	72.176	-12.874	402.690	232.380	-10.890	379.090
191	0.38000	71.695	-12.875	402.711	232.498	-10.888	379.064
192	0.38200	71.274	-12.882	402.712	232.634	-10.927	379.108
193	0.38400	70.818	-12.896	402.729	232.759	-10.951	379.098
194	0.38600	70.357	-12.903	402.686	232.858	-10.969	379.024
195	0.38800	69.910	-12.903	402.694	233.037	-10.994	379.050
196	0.39000	69.472	-12.904	402.692	233.157	-11.006	379.088
197	0.39200	69.023	-12.905	402.745	233.264	-11.037	379.094
198	0.39400	68.613	-12.926	402.693	233.378	-11.053	379.117
199	0.39600	68.140	-12.981	402.729	233.460	-11.079	379.037
200	0.39800	67.703	-12.954	402.705	233.591	-11.091	379.132
201	0.40000	67.263	-12.968	402.727	233.744	-11.119	379.094
202	0.40200	66.793	-12.975	402.718	233.850	-11.135	379.101
203	0.40400	66.297	-12.990	402.716	233.951	-11.151	379.093
204	0.40600	65.858	-12.997	402.738	234.070	-11.147	379.132
205	0.40800	65.379	-13.011	402.717	234.151	-11.176	379.077
206	0.41000	64.980	-13.026	402.761	234.261	-11.188	379.124
207	0.41200	64.484	-13.053	402.759	234.350	-11.182	379.060
208	0.41400	64.015	-13.053	402.706	234.437	-11.221	379.020
209	0.41600	63.495	-13.080	402.688	234.541	-11.216	379.051
210	0.41800	63.081	-13.081	402.705	234.735	-11.226	379.172
211	0.42000	62.643	-13.088	402.707	234.860	-11.239	379.162
212	0.42200	62.212	-13.116	402.721	234.987	-11.240	379.216
213	0.42400	61.707	-13.137	402.752	235.073	-11.217	379.177
214	0.42600	61.287	-13.137	402.712	235.146	-11.233	379.195
215	0.42800	60.849	-13.144	402.691	235.230	-11.237	379.179
216	0.43000	60.355	-13.150	402.645	235.328	-11.245	379.108
217	0.43200	59.932	-13.158	402.674	235.454	-11.230	379.162
218	0.43400	59.516	-13.173	402.739	235.568	-11.199	379.096
219	0.43600	59.032	-13.206	402.662	235.620	-11.205	379.067
220	0.43800	58.626	-13.193	402.673	235.723	-11.185	379.036
221	0.44000	58.130	-13.201	402.674	235.847	-11.189	379.114
222	0.44200	57.733	-13.208	402.675	235.915	-11.177	379.093
223	0.44400	57.285	-13.216	402.688	236.050	-11.177	379.137
224	0.44600	56.832	-13.229	402.664	236.125	-11.150	379.133
225	0.44800	56.343	-13.223	402.680	236.198	-11.131	379.062
226	0.45000	55.914	-13.243	402.651	236.346	-11.118	379.139
227	0.45200	55.433	-13.258	402.681	236.443	-11.102	379.155
228	0.45400	55.006	-13.251	402.608	236.514	-11.085	379.110
229	0.45600	54.517	-13.259	402.646	236.601	-11.099	379.071
230	0.45800	54.090	-13.258	402.574	236.706	-11.073	379.167
231	0.46000	53.632	-13.260	402.643	236.767	-11.071	379.131
232	0.46200	53.235	-13.281	402.646	236.909	-11.059	379.192
233	0.46400	52.764	-13.275	402.644	236.955	-11.050	379.148
234	0.46600	52.325	-13.302	402.649	237.070	-11.027	379.147
235	0.46800	51.878	-13.290	402.665	237.136	-11.041	379.149
236	0.47000	51.401	-13.289	402.605	237.216	-11.047	379.094
237	0.47200	50.954	-13.290	402.598	237.324	-11.036	379.167
238	0.47400	50.524	-13.317	402.594	237.408	-11.005	379.152
239	0.47600	50.051	-13.305	402.639	237.458	-11.014	379.148
240	0.47800	49.630	-13.305	402.626	237.513	-11.023	379.095
241	0.48000	49.167	-13.305	402.616	237.619	-11.039	379.103
242	0.48200	48.714	-13.332	402.574	237.720	-11.015	379.160
243	0.48400	48.290	-13.321	402.631	237.779	-11.019	379.146
244	0.48600	47.853	-13.319	402.592	237.873	-11.021	379.123
245	0.48800	47.381	-13.308	402.593	237.968	-11.023	379.163
246	0.49000	46.974	-13.295	402.631	238.038	-11.021	379.117
247	0.49200	46.462	-13.302	402.612	238.113	-11.033	379.112
248	0.49400	46.031	-13.296	402.633	238.138	-11.040	379.109
249	0.49600	45.569	-13.309	402.601	238.274	-11.045	379.156
250	0.49800	45.157	-13.303	402.581	238.315	-11.041	379.161
251	0.50000	44.675	-13.291	402.616	238.374	-11.048	379.147
252	0.50200	44.262	-13.298	402.619	238.464	-11.067	379.236
253	0.50400	43.775	-13.278	402.572	238.478	-11.058	379.178
254	0.50600	43.344	-13.279	402.617	238.560	-11.059	379.100
255	0.50800	42.898	-13.286	402.591	238.663	-11.066	379.220
256	0.51000	42.452	-13.266	402.565	238.697	-11.071	379.057
257	0.51200	42.030	-13.273	402.579	238.834	-11.093	379.167
258	0.51400	41.558	-13.247	402.582	238.858	-11.109	379.100
259	0.51600	41.130	-13.254	402.538	238.903	-11.106	379.056
260	0.51800	40.657	-13.248	402.564	239.005	-11.103	379.113
261	0.52000	40.253	-13.228	402.514	239.097	-11.104	379.179
262	0.52200	39.781	-13.216	402.541	239.134	-11.109	379.144
263	0.52400	39.360	-13.189	402.511	239.194	-11.124	379.195
264	0.52600	38.887	-13.203	402.537	239.252	-11.099	379.119
265	0.52800	38.508	-13.176	402.504	239.306	-11.138	379.154
266	0.53000	38.010	-13.172	402.561	239.360	-11.133	379.190
267	0.53200	37.621	-13.159	402.560	239.456	-11.145	379.143
268	0.53400	37.114	-13.160	402.604	239.478	-11.141	379.166
269	0.53600	36.728	-13.126	402.536	239.581	-11.150	379.133
270	0.53800	36.213	-13.141	402.590	239.655	-11.154	379.127
271	0.54000	35.860	-13.127	402.529	239.705	-11.133	379.124
272	0.54200	35.337	-13.135	402.570	239.744	-11.147	379.063
273	0.54400	34.949	-13.128	402.548	239.785	-11.167	379.069
274	0.54600	34.460	-13.102	402.574	239.871	-11.155	379.118
275	0.54800	34.039	-13.096	402.545	239.883	-11.169	379.085
276	0.55000	33.575	-13.090	402.565	239.917	-11.165	379.074
277	0.55200	33.170	-13.090	402.540	239.982	-11.151	379.077
278	0.55400	32.714	-13.090	402.572	240.036	-11.148	379.113
279	0.55600	32.251	-13.084	402.571	240.070	-11.156	379.102
280	0.55800	31.806	-13.057	402.527	240.149	-11.137	379.137
281	0.56000	31.358	-13.038	402.551	240.145	-11.140	379.096
282	0.56200	30.911	-13.052	402.553	240.217	-11.135	379.115
283	0.56400	30.465	-13.032	402.533	240.255	-11.133	379.145
284	0.56600	30.003	-13.006	402.509	240.305	-11.106	379.141
285	0.56800	29.572	-13.000	402.515	240.360	-11.105	379.089
286	0.57000	29.160	-12.993	402.479	240.391	-11.096	379.102
287	0.57200	28.661	-12.968	402.540	240.419	-11.091	379.076
288	0.57400	28.280	-12.969	402.556	240.478	-11.082	379.064
289	0.57600	27.785	-12.955	402.527	240.518	-11.079	379.069
290	0.57800	27.386	-12.957	402.562	240.579	-11.077	379.120
291	0.58000	26.931	-12.951	402.576	240.575	-11.051	379.082
292	0.58200	26.469	-12.951	402.531	240.622	-11.065	379.102
293	0.58400	26.005	-12.938	402.554	240.671	-11.049	379.186
294	0.58600	25.634	-12.925	402.517	240.721	-11.053	379.182
295	0.58800	25.146	-12.925	402.501	240.735	-11.058	379.125
296	0.59000	24.733	-12.918	402.489	240.736	-11.058	379.035
297	0.59200	24.245	-12.918	402.496	240.803	-11.070	379.103
298	0.59400	23.841	-12.925	402.453	240.796	-11.049	379.088
299	0.59600	23.392	-12.912	402.503	240.848	-11.068	379.148
300	0.59800	22.947	-12.932	402.463	240.853	-11.062	379.099
301	0.60000	22.483	-12.900	402.466	240.925	-11.062	379.118
302	0.60200	22.044	-12.907	402.484	240.954	-11.057	379.155
303	0.60400	21.548	-12.908	402.480	240.963	-11.040	379.148
304	0.60600	21.151	-12.922	402.495	240.961	-11.045	379.171
305	0.60800	20.688	-12.888	402.454	240.988	-11.053	379.145
306	0.61000	20.256	-12.903	402.531	241.019	-11.055	379.159
307	0.61200	19.819	-12.889	402.482	241.065	-11.036	379.115
308	0.61400	19.346	-12.904	402.518	241.034	-11.054	379.102
309	0.61600	18.950	-12.884	402.490	241.101	-11.029	379.170
310	0.61800	18.492	-12.886	402.574	241.117	-11.040	379.177
311	0.62000	18.096	-12.893	402.545	241.126	-11.063	379.168
312	0.62200	17.655	-12.888	402.633	241.124	-11.039	379.104
313	0.62400	17.260	-12.881	402.560	241.163	-11.050	379.133
314	0.62600	16.754	-12.875	402.591	241.201	-11.045	379.162
315	0.62800	16.319	-12.894	402.499	241.204	-11.058	379.049
316	0.63000	15.814	-12.908	402.507	241.234	-11.067	379.087
317	0.63200	15.433	-12.922	402.528	241.218	-11.069	379.080
318	0.63400	14.937	-12.936	402.527	241.243	-11.076	379.077
319	0.63600	14.507	-12.942	402.494	241.241	-11.088	379.102
320	0.63800	14.028	-12.936	402.474	241.306	-11.108	379.105
321	0.64000	13.608	-12.955	402.409	241.275	-11.098	379.092
322	0.64200	13.136	-12.969	402.424	241.292	-11.100	379.162
323	0.64400	12.681	-12.977	402.444	241.326	-11.098	379.152
324	0.64600	12.235	-12.976	402.408	241.293	-11.093	379.074
325	0.64800	11.779	-12.977	402.428	241.336	-11.115	379.143
326	0.65000	11.299	-12.998	402.454	241.293	-11.119	379.073
327	0.65200	10.902	-12.998	402.451	241.317	-11.122	379.159
328	0.65400	10.448	-12.992	402.427	241.335	-11.103	379.143
329	0.65600	10.032	-13.013	402.510	241.349	-11.111	379.174
330	0.65800	9.579	-13.013	402.441	241.359	-11.094	379.230
331	0.66000	9.139	-13.001	402.488	241.319	-11.100	379.136
332	0.66200	8.694	-13.040	402.431	241.308	-11.111	379.169
333	0.66400	8.212	-13.049	402.504	241.329	-11.091	379.128
334	0.66600	7.826	-13.048	402.402	241.335	-11.094	379.143
335	0.66800	7.401	-13.070	402.519	241.369	-11.097	379.133
336	0.67000	6.973	-13.075	402.444	241.355	-11.087	379.191
337	0.67200	6.517	-13.077	402.489	241.356	-11.082	379.102
338	0.67400	6.104	-13.090	402.462	241.373	-11.090	379.173
339	0.67600	5.633	-13.104	402.436	241.359	-11.103	379.077
340	0.67800	5.226	-13.105	402.512	241.372	-11.082	379.108
341	0.68000	4.722	-13.112	402.481	241.354	-11.095	379.126
342	0.68200	4.293	-13.124	402.429	241.340	-11.087	379.095
343	0.68400	3.863	-13.118	402.446	241.365	-11.074	379.092
344	0.68600	3.392	-13.145	402.421	241.392	-11.100	379.155
345	0.68800	3.003	-13.138	402.411	241.372	-11.094	379.108
346	0.69000	2.506	-13.139	402.461	241.376	-11.078	379.149
347	0.69200	2.077	-13.153	402.411	241.369	-11.089	379.132
348	0.69400	1.638	-13.153	402.415	241.360	-11.090	379.141
349	0.69600	1.176	-13.167	402.382	241.376	-11.067	379.148
350	0.69800	0.704	-13.161	402.404	241.374	-11.071	379.084
351	0.70000	0.316	-13.167	402.372	241.376	-11.089	379.148
352	0.70200	-0.190	-13.175	402.411	241.376	-11.071	379.149
353	0.70400	-0.553	-13.168	402.396	241.367	-11.052	379.068
354	0.70600	-1.018	-13.170	402.453	241.390	-11.062	379.091
355	0.70800	-1.471	-13.175	402.366	241.368	-11.073	379.069
356	0.71000	-1.885	-13.190	402.388	241.374	-11.057	379.085
357	0.71200	-2.356	-13.196	402.388	241.362	-11.052	379.117
358	0.71400	-2.795	-13.197	402.394	241.390	-11.074	379.091
359	0.71600	-3.233	-13.184	402.401	241.383	-11.040	379.076
360	0.71800	-3.679	-13.191	402.373	241.387	-11.062	379.115
361	0.72000	-4.094	-13.198	402.417	241.394	-11.062	379.131
362	0.72200	-4.524	-13.198	402.392	241.390	-11.078	379.091
363	0.72400	-4.996	-13.199	402.417	241.374	-11.078	379.084
364	0.72600	-5.433	-13.206	402.380	241.359	-11.087	379.077
365	0.72800	-5.932	-13.214	402.478	241.365	-11.074	379.092
366	0.73000	-6.343	-13.219	402.367	241.343	-11.087	379.070
367	0.73200	-6.857	-13.220	402.418	241.349	-11.078	379.085
368	0.73400	-7.252	-13.206	402.355	241.354	-11.087	379.125
369	0.73600	-7.742	-13.220	402.423	241.327	-11.106	379.062
370	0.73800	-8.105	-13.221	402.410	241.313	-11.097	379.120
371	0.74000	-8.602	-13.201	402.421	241.349	-11.105	379.174
372	0.74200	-9.048	-13.194	402.395	241.316	-11.105	379.095
373	0.74400	-9.570	-13.189	402.436	241.322	-11.102	379.111
374	0.74600	-9.949	-13.189	402.377	241.321	-11.122	379.200
375	0.74800	-10.389	-13.177	402.454	241.339	-11.092	379.182
376	0.75000	-10.859	-13.183	402.391	241.329	-11.121	379.126
377	0.75200	-11.265	-13.190	402.406	241.320	-11.111	379.135
378	0.75400	-11.696	-13.205	402.451	241.316	-11.128	379.095
379	0.75600	-12.141	-13.177	402.404	241.268	-11.110	379.075
380	0.75800	-12.605	-13.171	402.423	241.340	-11.146	379.181
381	0.76000	-12.977	-13.178	402.421	241.321	-11.121	379.200
382	0.76200	-13.482	-13.173	402.444	241.308	-11.131	379.169
383	0.76400	-13.870	-13.139	402.397	241.349	-11.122	379.174
384	0.76600	-14.333	-13.160	402.415	241.340	-11.127	379.182
385	0.76800	-14.763	-13.133	402.395	241.355	-11.121	379.190
386	0.77000	-15.202	-13.140	402.428	241.358	-11.121	379.165
387	0.77200	-15.648	-13.114	402.406	241.321	-11.119	379.201
388	0.77400	-16.128	-13.122	402.401	241.337	-11.117	379.207
389	0.77600	-16.543	-13.096	402.473	241.345	-11.115	379.134
390	0.77800	-17.028	-13.095	402.366	241.320	-11.099	379.136
391	0.78000	-17.426	-13.103	402.419	241.362	-11.117	379.206
392	0.78200	-17.889	-13.069	402.395	241.329	-11.111	379.129
393	0.78400	-18.377	-13.083	402.400	241.336	-11.134	379.143
394	0.78600	-18.765	-13.070	402.376	241.329	-11.104	379.128
395	0.78800	-19.269	-13.063	402.358	241.341	-11.106	379.095
396	0.79000	-19.675	-13.057	402.376	241.350	-11.111	379.086
397	0.79200	-20.130	-13.058	402.410	241.342	-11.109	379.159
398	0.79400	-20.542	-13.030	402.327	241.376	-11.097	379.148
399	0.79600	-21.039	-13.030	402.366	241.318	-11.105	379.071
400	0.79800	-21.419	-13.024	402.355	241.363	-11.125	379.116
401	0.80000	-21.849	-13.004	402.360	241.379	-11.102	379.123
402	0.80200	-22.287	-13.018	402.352	241.400	-11.108	379.082
403	0.80400	-22.700	-13.011	402.315	241.404	-11.110	379.121
404	0.80600	-23.180	-13.005	402.335	241.406	-11.108	379.098
405	0.80800	-23.561	-12.972	402.371	241.368	-11.095	379.068
406	0.81000	-24.065	-12.986	402.354	241.391	-11.106	379.090
407	0.81200	-24.462	-12.973	402.365	241.370	-11.085	379.044
408	0.81400	-24.966	-12.967	402.371	241.380	-11.086	379.035
409	0.81600	-25.379	-12.953	402.313	241.394	-11.081	379.131
410	0.81800	-25.827	-12.948	402.406	241.377	-11.072	379.060
411	0.82000	-26.231	-12.941	402.361	241.399	-11.087	379.083
412	0.82200	-26.777	-12.929	402.373	241.365	-11.058	379.094
413	0.82400	-27.166	-12.949	402.397	241.399	-11.076	379.083
414	0.82600	-27.653	-12.929	402.362	241.372	-11.078	379.109
415	0.82800	-28.051	-12.937	402.397	241.356	-11.062	379.103
416	0.83000	-28.530	-12.903	402.397	241.338	-11.085	379.119
417	0.83200	-29.001	-12.930	402.365	241.369	-11.083	379.133
418	0.83400	-29.364	-12.917	402.360	241.352	-11.068	379.062
419	0.83600	-29.860	-12.937	402.358	241.350	-11.078	379.086
420	0.83800	-30.290	-12.917	402.366	241.347	-11.083	379.110
421	0.84000	-30.777	-12.923	402.333	241.397	-11.070	379.107
422	0.84200	-31.158	-12.923	402.326	241.403	-11.090	379.122
423	0.84400	-31.622	-12.931	402.397	241.378	-11.087	379.123
424	0.84600	-32.043	-12.911	402.351	241.385	-11.078	379.140
425	0.84800	-32.515	-12.919	402.410	241.344	-11.087	379.134
426	0.85000	-32.968	-12.931	402.360	241.354	-11.093	379.126
427	0.85200	-33.415	-12.912	402.345	241.335	-11.088	379.143
428	0.85400	-33.845	-12.912	402.377	241.364	-11.092	379.181
429	0.85600	-34.283	-12.900	402.397	241.338	-11.099	379.119
430	0.85800	-34.721	-12.900	402.373	241.335	-11.063	379.144
431	0.86000	-35.167	-12.899	402.336	241.303	-11.061	379.130
432	0.86200	-35.654	-12.899	402.349	241.297	-11.074	379.114
433	0.86400	-36.117	-12.894	402.356	241.323	-11.062	379.177
434	0.86600	-36.516	-12.883	402.461	241.307	-11.049	379.169
435	0.86800	-36.993	-12.887	402.353	241.335	-11.074	379.143
436	0.87000	-37.449	-12.889	402.417	241.323	-11.061	379.176
437	0.87200	-37.894	-12.901	402.359	241.317	-11.083	379.161
438	0.87400	-38.366	-12.889	402.376	241.313	-11.062	379.120
439	0.87600	-38.771	-12.896	402.402	241.347	-11.086	379.110
440	0.87800	-39.250	-12.902	402.385	241.342	-11.082	379.159
441	0.88000	-39.655	-12.902	402.389	241.281	-11.087	379.106
442	0.88200	-40.093	-12.910	402.411	241.306	-11.086	379.105
443	0.88400	-40.563	-12.923	402.362	241.320	-11.089	379.136
444	0.88600	-41.009	-12.922	402.350	241.306	-11.093	379.104
445	0.88800	-41.456	-12.923	402.361	241.319	-11.102	379.135
446	0.89000	-41.827	-12.936	402.325	241.299	-11.099	379.177
447	0.89200	-42.259	-12.946	402.472	241.326	-11.117	379.151
448	0.89400	-42.728	-12.930	402.335	241.319	-11.092	379.135
449	0.89600	-43.183	-12.952	402.423	241.320	-11.108	379.135
450	0.89800	-43.596	-12.951	402.394	241.317	-11.099	379.160
451	0.90000	-44.100	-12.951	402.366	241.326	-11.098	379.152
452	0.90200	-44.497	-12.965	402.384	241.310	-11.111	379.144
453	0.90400	-44.960	-12.966	402.416	241.358	-11.099	379.165
454	0.90600	-45.421	-12.964	402.315	241.324	-11.094	379.088
455	0.90800	-45.827	-12.980	402.433	241.342	-11.110	379.159
456	0.91000	-46.314	-12.999	402.362	241.367	-11.112	379.157
457	0.91200	-46.694	-12.980	402.406	241.371	-11.089	379.197
458	0.91400	-47.181	-12.987	402.381	241.358	-11.128	379.165
459	0.91600	-47.627	-13.007	402.349	241.341	-11.118	379.094
460	0.91800	-48.065	-12.994	402.353	241.371	-11.109	379.196
461	0.92000	-48.494	-13.006	402.279	241.370	-11.131	379.132
462	0.92200	-48.941	-13.014	402.360	241.347	-11.110	379.110
463	0.92400	-49.370	-13.028	402.353	241.385	-11.130	379.139
464	0.92600	-49.857	-13.040	402.329	241.391	-11.123	379.090
465	0.92800	-50.262	-13.074	402.315	241.408	-11.116	379.161
466	0.93000	-50.675	-13.067	402.311	241.396	-11.119	379.194
467	0.93200	-51.145	-13.074	402.311	241.368	-11.136	379.067
468	0.93400	-51.567	-13.067	402.340	241.381	-11.124	379.098
469	0.93600	-52.013	-13.074	402.311	241.410	-11.114	379.137
470	0.93800	-52.459	-13.075	402.327	241.346	-11.119	379.045
471	0.94000	-52.905	-13.083	402.365	241.379	-11.099	379.123
472	0.94200	-53.351	-13.081	402.313	241.395	-11.107	379.131
473	0.94400	-53.764	-13.070	402.378	241.363	-11.107	379.117
474	0.94600	-54.226	-13.102	402.325	241.381	-11.100	379.099
475	0.94800	-54.655	-13.102	402.299	241.401	-11.106	379.146
476	0.95000	-55.102	-13.097	402.360	241.375	-11.104	379.084
477	0.95200	-55.588	-13.109	402.294	241.355	-11.118	379.036
478	0.95400	-56.018	-13.104	402.358	241.395	-11.112	379.131
479	0.95600	-56.414	-13.130	402.313	241.368	-11.114	379.067
480	0.95800	-56.885	-13.123	402.317	241.339	-11.114	379.030
481	0.96000	-57.339	-13.116	402.278	241.375	-11.102	379.083
482	0.96200	-57.818	-13.117	402.270	241.401	-11.101	379.146
483	0.96400	-58.231	-13.131	402.336	241.373	-11.088	379.020
484	0.96600	-58.702	-13.124	402.318	241.365	-11.086	379.092
485	0.96800	-59.131	-13.131	402.316	241.374	-11.081	379.084
486	0.97000	-59.560	-13.131	402.336	241.368	-11.094	379.068
487	0.97200	-60.047	-13.144	402.317	241.370	-11.090	379.133
488	0.97400	-60.452	-13.138	402.307	241.359	-11.091	379.077
489	0.97600	-60.906	-13.152	402.336	241.403	-11.104	379.211
490	0.97800	-61.368	-13.172	402.309	241.354	-11.095	379.126
491	0.98000	-61.789	-13.159	402.342	241.369	-11.102	379.132
492	0.98200	-62.260	-13.159	402.304	241.335	-11.092	379.143
493	0.98400	-62.714	-13.165	402.333	241.315	-11.081	379.097
494	0.98600	-63.127	-13.174	402.401	241.355	-11.088	379.190
495	0.98800	-63.605	-13.146	402.308	241.317	-11.097	379.161
496	0.99000	-64.035	-13.167	402.352	241.299	-11.094	379.178
497	0.99200	-64.464	-13.174	402.418	241.292	-11.096	379.162
498	0.99400	-64.943	-13.141	402.370	241.295	-11.111	379.138
499	0.99600	-65.356	-13.147	402.394	241.308	-11.109	379.169
500	0.99800	-65.859	-13.154	402.376	241.324	-11.120	379.176
501	1.00000	-66.280	-13.148	402.389	241.291	-11.104	379.098
502	1.00200	-66.693	-13.155	402.369	241.326	-11.091	379.152
503	1.00400	-67.171	-13.127	402.344	241.261	-11.095	379.148
504	1.00600	-67.592	-13.135	402.401	241.349	-11.097	379.173
505	1.00800	-68.054	-13.127	402.333	241.320	-11.084	379.136
506	1.01000	-68.492	-13.114	402.367	241.349	-11.101	379.174
507	1.01200	-68.954	-13.122	402.366	241.301	-11.097	379.153
508	1.01400	-69.399	-13.108	402.345	241.299	-11.096	379.177
509	1.01600	-69.837	-13.083	402.402	241.313	-11.093	379.120
510	1.01800	-70.323	-13.095	402.343	241.285	-11.096	379.146
511	1.02000	-70.744	-13.069	402.359	241.278	-11.071	379.131
512	1.02200	-71.149	-13.077	402.442	241.308	-11.104	379.169
513	1.02400	-71.602	-13.055	402.320	241.335	-11.086	379.143
514	1.02600	-71.999	-13.037	402.394	241.304	-11.083	379.129
515	1.02800	-72.477	-13.029	402.326	241.323	-11.096	379.176
516	1.03000	-72.931	-13.030	402.317	241.305	-11.081	379.041
517	1.03200	-73.310	-13.003	402.348	241.324	-11.084	379.088
518	1.03400	-73.772	-13.016	402.304	241.344	-11.086	379.134
519	1.03600	-74.201	-13.017	402.353	241.360	-11.092	379.141
520	1.03800	-74.605	-12.997	402.326	241.364	-11.095	379.181
521	1.04000	-75.059	-12.997	402.318	241.367	-11.082	379.157
522	1.04200	-75.521	-12.991	402.364	241.383	-11.087	379.164
523	1.04400	-75.975	-12.977	402.289	241.406	-11.076	379.097
524	1.04600	-76.395	-12.964	402.306	241.381	-11.081	379.099
525	1.04800	-76.816	-12.972	402.346	241.370	-11.076	379.044
526	1.05000	-77.335	-12.963	402.243	241.393	-11.092	379.067
527	1.05200	-77.732	-12.958	402.319	241.390	-11.088	379.091
528	1.05400	-78.235	-12.957	402.263	241.387	-11.064	379.116
529	1.05600	-78.631	-12.938	402.294	241.413	-11.083	379.114
530	1.05800	-79.109	-12.920	402.363	241.403	-11.087	379.122
531	1.06000	-79.554	-12.932	402.280	241.393	-11.084	379.067
532	1.06200	-79.991	-12.920	402.341	241.390	-11.056	379.091
533	1.06400	-80.412	-12.906	402.293	241.396	-11.063	379.107
534	1.06600	-80.865	-12.892	402.265	241.374	-11.071	379.085
535	1.06800	-81.270	-12.886	402.308	241.377	-11.077	379.060
536	1.07000	-81.764	-12.879	402.287	241.396	-11.068	379.107
537	1.07200	-82.201	-12.866	402.283	241.365	-11.078	379.093
538	1.07400	-82.630	-12.880	402.313	241.381	-11.092	379.100
539	1.07600	-83.100	-12.873	402.284	241.392	-11.101	379.155
540	1.07800	-83.496	-12.886	402.295	241.386	-11.106	379.051
541	1.08000	-84.015	-12.892	402.240	241.350	-11.081	379.087
542	1.08200	-84.378	-12.879	402.276	241.352	-11.089	379.061
543	1.08400	-84.815	-12.880	402.317	241.367	-11.115	379.156
544	1.08600	-85.277	-12.886	402.301	241.343	-11.103	379.069
545	1.08800	-85.705	-12.894	402.354	241.369	-11.123	379.132
546	1.09000	-86.200	-12.886	402.270	241.352	-11.104	379.060
547	1.09200	-86.661	-12.893	402.321	241.329	-11.101	379.127
548	1.09400	-87.164	-12.886	402.291	241.349	-11.101	379.085
549	1.09600	-87.560	-12.887	402.326	241.373	-11.107	379.172
550	1.09800	-88.005	-12.888	402.401	241.334	-11.096	379.078
551	1.10000	-88.458	-12.874	402.332	241.306	-11.103	379.105
552	1.10200	-88.912	-12.881	402.330	241.348	-11.103	379.175
553	1.10400	-89.348	-12.875	402.329	241.342	-11.091	379.159
554	1.10600	-89.810	-12.881	402.314	241.315	-11.108	379.097
555	1.10800	-90.197	-12.895	402.340	241.339	-11.094	379.183
556	1.11000	-90.659	-12.895	402.348	241.326	-11.085	379.153
557	1.11200	-91.120	-12.896	402.379	241.308	-11.090	379.170
558	1.11400	-91.532	-12.883	402.370	241.324	-11.096	379.176
559	1.11600	-92.010	-12.902	402.355	241.324	-11.088	379.177
560	1.11800	-92.430	-12.930	402.423	241.346	-11.093	379.199
561	1.12000	-92.842	-12.922	402.326	241.326	-11.097	379.152
562	1.12200	-93.287	-12.922	402.337	241.322	-11.096	379.112
563	1.12400	-93.691	-12.937	402.384	241.334	-11.093	379.232
564	1.12600	-94.185	-12.942	402.347	241.331	-11.102	379.103
565	1.12800	-94.613	-12.937	402.404	241.339	-11.094	379.182
566	1.13000	-95.099	-12.942	402.358	241.342	-11.106	379.158
567	1.13200	-95.520	-12.936	402.360	241.324	-11.096	379.175
568	1.13400	-95.964	-12.936	402.395	241.285	-11.108	379.146
569	1.13600	-96.426	-12.956	402.339	241.326	-11.092	379.151
570	1.13800	-96.854	-12.964	402.397	241.317	-11.102	379.161
571	1.14000	-97.307	-12.976	402.332	241.340	-11.098	379.183
572	1.14200	-97.768	-12.963	402.344	241.319	-11.078	379.137
573	1.14400	-98.196	-12.950	402.380	241.326	-11.071	379.152
574	1.14600	-98.691	-12.963	402.302	241.331	-11.083	379.103
575	1.14800	-99.119	-12.984	402.361	241.328	-11.076	379.128
576	1.15000	-99.564	-12.949	402.308	241.342	-11.059	379.160
577	1.15200	-100.016	-12.976	402.354	241.314	-11.051	379.186
578	1.15400	-100.445	-12.976	402.325	241.326	-11.091	379.152
579	1.15600	-100.906	-12.982	402.294	241.318	-11.080	379.072
580	1.15800	-101.293	-12.996	402.301	241.361	-11.075	379.206
581	1.16000	-101.754	-13.008	402.248	241.312	-11.083	379.121
582	1.16200	-102.174	-13.003	402.298	241.352	-11.081	379.061
583	1.16400	-102.594	-13.016	402.303	241.324	-11.093	379.087
584	1.16600	-103.063	-13.016	402.306	241.338	-11.092	379.118
585	1.16800	-103.433	-13.036	402.359	241.373	-11.085	379.172
586	1.17000	-103.936	-13.035	402.293	241.352	-11.084	379.061
587	1.17200	-104.380	-13.022	402.287	241.379	-11.100	379.123
588	1.17400	-104.808	-13.049	402.348	241.382	-11.095	379.163
589	1.17600	-105.269	-13.029	402.275	241.343	-11.107	379.069
590	1.17800	-105.705	-13.049	402.303	241.327	-11.105	379.062
591	1.18000	-106.150	-13.049	402.320	241.365	-11.092	379.091
592	1.18200	-106.594	-13.043	402.315	241.345	-11.099	379.134
593	1.18400	-107.014	-13.044	402.366	241.353	-11.079	379.126
594	1.18600	-107.500	-13.056	402.281	241.305	-11.107	379.040
595	1.18800	-107.944	-13.070	402.343	241.364	-11.084	379.180
596	1.19000	-108.372	-13.063	402.273	241.360	-11.098	379.141
597	1.19200	-108.841	-13.062	402.278	241.353	-11.074	379.125
598	1.19400	-109.253	-13.036	402.276	241.408	-11.107	379.162
599	1.19600	-109.755	-13.062	402.280	241.385	-11.095	379.139
600	1.19800	-110.158	-13.096	402.289	241.334	-11.091	379.079
601	1.20000	-110.577	-13.063	402.298	241.378	-11.097	379.123
602	1.20200	-111.038	-13.069	402.272	241.384	-11.090	379.075
603	1.20400	-111.433	-13.083	402.271	241.359	-11.088	379.077
604	1.20600	-111.902	-13.062	402.212	241.401	-11.093	379.146
605	1.20800	-112.280	-13.076	402.279	241.401	-11.084	379.146
606	1.21000	-112.799	-13.082	402.239	241.388	-11.090	379.115
607	1.21200	-113.202	-13.063	402.294	241.388	-11.083	379.115
608	1.21400	-113.679	-13.063	402.312	241.350	-11.095	379.086
609	1.21600	-114.123	-13.063	402.266	241.397	-11.081	379.106
610	1.21800	-114.534	-13.057	402.311	241.361	-11.092	379.052
611	1.22000	-115.036	-13.069	402.272	241.372	-11.097	379.108
612	1.22200	-115.455	-13.076	402.283	241.389	-11.101	379.179
613	1.22400	-115.941	-13.063	402.291	241.369	-11.102	379.132
614	1.22600	-116.344	-13.056	402.259	241.357	-11.077	379.165
615	1.22800	-116.795	-13.038	402.358	241.369	-11.082	379.133
616	1.23000	-117.265	-13.056	402.300	241.369	-11.092	379.133
617	1.23200	-117.684	-13.044	402.334	241.333	-11.060	379.079
618	1.23400	-118.185	-13.057	402.342	241.334	-11.090	379.079
619	1.23600	-118.621	-13.024	402.310	241.326	-11.088	379.152
620	1.23800	-119.073	-13.032	402.387	241.383	-11.109	379.163
621	1.24000	-119.518	-13.023	402.277	241.343	-11.098	379.070
622	1.24200	-119.953	-13.051	402.289	241.363	-11.102	379.117
623	1.24400	-120.405	-13.030	402.278	241.318	-11.086	379.073
624	1.24600	-120.824	-13.025	402.336	241.325	-11.099	379.087
625	1.24800	-121.259	-13.045	402.391	241.318	-11.087	379.072
626	1.25000	-121.729	-13.024	402.315	241.313	-11.098	379.121
627	1.25200	-122.155	-13.025	402.383	241.376	-11.083	379.148
628	1.25400	-122.624	-13.037	402.328	241.301	-11.100	379.154
629	1.25600	-123.043	-13.032	402.387	241.326	-11.096	379.152
630	1.25800	-123.470	-13.018	402.368	241.330	-11.104	379.192
631	1.26000	-123.947	-13.011	402.346	241.323	-11.086	379.176
632	1.26200	-124.325	-13.012	402.418	241.299	-11.090	379.179
633	1.26400	-124.810	-12.999	402.408	241.267	-11.100	379.164
634	1.26600	-125.270	-12.999	402.410	241.298	-11.088	379.178
635	1.26800	-125.672	-12.992	402.404	241.308	-11.103	379.169
636	1.27000	-126.182	-12.984	402.360	241.278	-11.087	379.220
637	1.27200	-126.577	-12.998	402.365	241.301	-11.091	379.154
638	1.27400	-127.086	-12.984	402.323	241.301	-11.103	379.154
639	1.27600	-127.513	-12.984	402.393	241.332	-11.106	379.256
640	1.27800	-127.948	-12.978	402.409	241.308	-11.120	379.169
641	1.28000	-128.376	-12.971	402.369	241.276	-11.115	379.155
642	1.28200	-128.794	-12.971	402.386	241.355	-11.094	379.189
643	1.28400	-129.279	-12.958	402.356	241.310	-11.100	379.144
644	1.28600	-129.681	-12.965	402.374	241.311	-11.098	379.145
645	1.28800	-130.134	-12.938	402.345	241.326	-11.123	379.151
646	1.29000	-130.586	-12.930	402.295	241.335	-11.100	379.143
647	1.29200	-130.988	-12.918	402.335	241.351	-11.095	379.150
648	1.29400	-131.473	-12.923	402.240	241.344	-11.095	379.135
649	1.29600	-131.859	-12.910	402.281	241.385	-11.079	379.140
650	1.29800	-132.319	-12.897	402.287	241.392	-11.065	379.155
651	1.30000	-132.754	-12.864	402.283	241.394	-11.081	379.131
652	1.30200	-133.180	-12.879	402.356	241.387	-11.091	379.115
653	1.30400	-133.625	-12.864	402.252	241.367	-11.072	379.069
654	1.30600	-134.051	-12.845	402.304	241.377	-11.057	379.060
655	1.30800	-134.519	-12.865	402.298	241.367	-11.046	379.068
656	1.31000	-134.938	-12.845	402.296	241.383	-11.025	379.076
657	1.31200	-135.339	-12.845	402.315	241.374	-11.061	379.084
658	1.31400	-135.833	-12.836	402.211	241.388	-11.059	379.027
659	1.31600	-136.292	-12.858	402.306	241.399	-11.055	379.083
660	1.31800	-136.703	-12.842	402.205	241.421	-11.079	379.105
661	1.32000	-137.138	-12.850	402.268	241.403	-11.074	379.122
662	1.32200	-137.623	-12.855	402.219	241.395	-11.059	379.042
663	1.32400	-138.074	-12.856	402.239	241.404	-11.064	379.034
664	1.32600	-138.515	-12.837	402.336	241.383	-11.074	379.075
665	1.32800	-138.977	-12.848	402.190	241.408	-11.088	379.073
666	1.33000	-139.394	-12.836	402.277	241.406	-11.089	379.098
667	1.33200	-139.838	-12.849	402.242	241.380	-11.086	379.034
668	1.33400	-140.305	-12.849	402.261	241.406	-11.106	379.097
669	1.33600	-140.707	-12.863	402.283	241.345	-11.110	379.044
670	1.33800	-141.175	-12.855	402.237	241.367	-11.090	379.157
671	1.34000	-141.600	-12.856	402.335	241.372	-11.090	379.108
672	1.34200	-142.061	-12.856	402.279	241.365	-11.083	379.092
673	1.34400	-142.510	-12.858	402.366	241.358	-11.100	379.165
674	1.34600	-142.897	-12.856	402.301	241.344	-11.093	379.135
675	1.34800	-143.414	-12.863	402.299	241.344	-11.101	379.134
676	1.35000	-143.814	-12.858	402.388	241.359	-11.099	379.230
677	1.35200	-144.291	-12.850	402.332	241.353	-11.083	379.214
678	1.35400	-144.725	-12.850	402.377	241.304	-11.087	379.129
679	1.35600	-145.176	-12.870	402.355	241.305	-11.108	379.193
680	1.35800	-145.643	-12.884	402.377	241.313	-11.091	379.120
681	1.36000	-146.069	-12.884	402.389	241.330	-11.096	379.191
682	1.36200	-146.545	-12.877	402.357	241.339	-11.107	379.182
683	1.36400	-146.931	-12.902	402.336	241.326	-11.129	379.151
684	1.36600	-147.423	-12.896	402.326	241.333	-11.124	379.166
685	1.36800	-147.882	-12.921	402.316	241.344	-11.111	379.222
686	1.37000	-148.333	-12.915	402.339	241.321	-11.124	379.199
687	1.37200	-148.800	-12.928	402.341	241.324	-11.125	379.175
688	1.37400	-149.169	-12.928	402.345	241.307	-11.132	379.104
689	1.37600	-149.636	-12.915	402.369	241.352	-11.144	379.149
690	1.37800	-150.063	-12.914	402.317	241.317	-11.122	379.160
691	1.38000	-150.521	-12.922	402.374	241.304	-11.140	379.128
692	1.38200	-150.981	-12.933	402.299	241.300	-11.094	379.089
693	1.38400	-151.390	-12.934	402.336	241.313	-11.111	379.120
694	1.38600	-151.866	-12.914	402.285	241.329	-11.085	379.128
695	1.38800	-152.218	-12.934	402.334	241.346	-11.105	379.198
696	1.39000	-152.717	-12.929	402.359	241.333	-11.091	379.167
697	1.39200	-153.143	-12.928	402.330	241.313	-11.087	379.121
698	1.39400	-153.635	-12.942	402.344	241.326	-11.092	379.151
699	1.39600	-154.045	-12.928	402.295	241.326	-11.060	379.152
700	1.39800	-154.454	-12.949	402.354	241.355	-11.080	379.191
701	1.40000	-154.955	-12.941	402.292	241.351	-11.084	379.151
702	1.40200	-155.323	-12.947	402.298	241.342	-11.072	379.159
703	1.40400	-155.790	-12.967	402.303	241.349	-11.083	379.086
704	1.40600	-156.233	-12.973	402.275	241.356	-11.065	379.101
705	1.40800	-156.667	-12.979	402.258	241.382	-11.091	379.164
706	1.41000	-157.166	-12.972	402.285	241.367	-11.074	379.158
707	1.41200	-157.543	-12.979	402.281	241.362	-11.076	379.117
708	1.41400	-158.025	-12.993	402.308	241.405	-11.094	379.187
709	1.41600	-158.468	-13.006	402.281	241.365	-11.071	379.093
710	1.41800	-158.893	-13.000	402.343	241.344	-11.089	379.135
711	1.42000	-159.370	-13.011	402.228	241.363	-11.103	379.117
712	1.42200	-159.779	-13.004	402.246	241.345	-11.104	379.134
713	1.42400	-160.279	-13.010	402.209	241.376	-11.089	379.149
714	1.42600	-160.647	-13.011	402.239	241.363	-11.070	379.117
715	1.42800	-161.112	-13.012	402.312	241.364	-11.091	379.181
716	1.43000	-161.547	-13.018	402.254	241.319	-11.067	379.137
717	1.43200	-162.004	-13.025	402.294	241.367	-11.072	379.158
718	1.43400	-162.439	-13.024	402.259	241.331	-11.075	379.104
719	1.43600	-162.839	-13.012	402.289	241.349	-11.069	379.087
720	1.43800	-163.313	-12.999	402.309	241.363	-11.083	379.117
721	1.44000	-163.723	-13.012	402.306	241.386	-11.078	379.204
722	1.44200	-164.180	-13.011	402.326	241.353	-11.085	379.126
723	1.44400	-164.615	-13.018	402.269	241.376	-11.064	379.148
724	1.44600	-165.039	-13.012	402.333	241.378	-11.062	379.125
725	1.44800	-165.516	-13.010	402.221	241.347	-11.090	379.110
726	1.45000	-165.900	-13.037	402.274	241.344	-11.073	379.135
727	1.45200	-166.390	-13.017	402.273	241.349	-11.070	379.086
728	1.45400	-166.809	-13.029	402.217	241.376	-11.075	379.149
729	1.45600	-167.274	-13.029	402.249	241.340	-11.092	379.094
730	1.45800	-167.742	-13.028	402.171	241.380	-11.090	379.188
731	1.46000	-168.142	-13.048	402.225	241.363	-11.090	379.117
732	1.46200	-168.583	-13.054	402.225	241.363	-11.085	379.116
733	1.46400	-169.000	-13.054	402.258	241.347	-11.084	379.109
734	1.46600	-169.515	-13.021	402.247	241.340	-11.087	379.095
735	1.46800	-169.908	-13.021	402.248	241.357	-11.080	379.165
736	1.47000	-170.413	-13.028	402.292	241.347	-11.092	379.110
737	1.47200	-170.848	-13.021	402.238	241.367	-11.105	379.157
738	1.47400	-171.238	-13.023	402.348	241.342	-11.095	379.158
739	1.47600	-171.722	-13.007	402.251	241.364	-11.091	379.181
740	1.47800	-172.114	-13.007	402.274	241.349	-11.100	379.174
741	1.48000	-172.612	-13.014	402.308	241.364	-11.076	379.182
742	1.48200	-173.014	-13.000	402.255	241.319	-11.095	379.136
743	1.48400	-173.462	-12.994	402.312	241.344	-11.080	379.134
744	1.48600	-173.913	-12.987	402.259	241.340	-11.080	379.094
745	1.48800	-174.304	-12.993	402.304	241.360	-11.093	379.141
746	1.49000	-174.752	-12.987	402.340	241.363	-11.077	379.117
747	1.49200	-175.195	-12.992	402.276	241.356	-11.110	379.101
748	1.49400	-175.669	-12.986	402.301	241.376	-11.084	379.148
749	1.49600	-176.086	-12.965	402.271	241.376	-11.095	379.148
750	1.49800	-176.568	-12.966	402.286	241.376	-11.088	379.148
751	1.50000	-177.026	-12.972	402.246	241.372	-11.084	379.108
752	1.50200	-177.434	-12.958	402.249	241.344	-11.069	379.135
753	1.50400	-177.908	-12.939	402.253	241.392	-11.094	379.155
754	1.50600	-178.349	-12.951	402.257	241.392	-11.072	379.155
755	1.50800	-178.789	-12.946	402.305	241.356	-11.078	379.101
756	1.51000	-179.264	-12.931	402.244	241.378	-11.077	379.124
757	1.51200	-179.662	-12.939	402.325	241.340	-11.078	379.094
758	1.51400	-180.161	-12.912	402.276	241.338	-11.077	379.119
759	1.51600	-180.584	-12.933	402.346	241.315	-11.091	379.096
760	1.51800	-181.008	-12.913	402.373	241.329	-11.097	379.127
761	1.52000	-181.475	-12.932	402.324	241.364	-11.097	379.181
762	1.52200	-181.922	-12.913	402.384	241.347	-11.083	379.110
763	1.52400	-182.356	-12.899	402.335	241.344	-11.097	379.134
764	1.52600	-182.747	-12.913	402.384	241.346	-11.106	379.198
765	1.52800	-183.236	-12.906	402.391	241.329	-11.115	379.126
766	1.53000	-183.637	-12.919	402.363	241.344	-11.090	379.133
767	1.53200	-184.093	-12.906	402.392	241.301	-11.092	379.153
768	1.53400	-184.550	-12.912	402.399	241.318	-11.110	379.071
769	1.53600	-184.990	-12.912	402.405	241.329	-11.106	379.127
770	1.53800	-185.472	-12.906	402.402	241.313	-11.093	379.120
771	1.54000	-185.848	-12.898	402.365	241.347	-11.104	379.109
772	1.54200	-186.353	-12.893	402.417	241.349	-11.106	379.173
773	1.54400	-186.776	-12.880	402.446	241.349	-11.117	379.173
774	1.54600	-187.241	-12.893	402.444	241.358	-11.103	379.165
775	1.54800	-187.690	-12.880	402.419	241.335	-11.093	379.143
776	1.55000	-188.097	-12.893	402.449	241.362	-11.073	379.205
777	1.55200	-188.562	-12.886	402.446	241.346	-11.082	379.198
778	1.55400	-188.970	-12.886	402.432	241.363	-11.097	379.117
779	1.55600	-189.475	-12.867	402.465	241.338	-11.077	379.119
780	1.55800	-189.875	-12.873	402.462	241.342	-11.101	379.159
781	1.56000	-190.339	-12.880	402.482	241.342	-11.102	379.159
782	1.56200	-190.797	-12.865	402.426	241.346	-11.098	379.199
783	1.56400	-191.189	-12.853	402.413	241.362	-11.103	379.206
784	1.56600	-191.670	-12.865	402.412	241.349	-11.099	379.086
785	1.56800	-192.069	-12.871	402.410	241.377	-11.091	379.213
786	1.57000	-192.533	-12.858	402.432	241.389	-11.095	379.179
787	1.57200	-192.981	-12.884	402.453	241.327	-11.080	379.064
788	1.57400	-193.381	-12.871	402.430	241.356	-11.092	379.101
789	1.57600	-193.821	-12.865	402.440	241.349	-11.086	379.175
790	1.57800	-194.229	-12.871	402.428	241.379	-11.089	379.124
791	1.58000	-194.717	-12.865	402.463	241.358	-11.085	379.077
792	1.58200	-195.133	-12.877	402.440	241.372	-11.060	379.109
793	1.58400	-195.582	-12.857	402.419	241.361	-11.069	379.053
794	1.58600	-196.020	-12.878	402.474	241.378	-11.049	379.126
795	1.58800	-196.461	-12.877	402.420	241.378	-11.074	379.125
796	1.59000	-196.975	-12.870	402.424	241.385	-11.075	379.140
797	1.59200	-197.365	-12.884	402.456	241.362	-11.072	379.118
798	1.59400	-197.878	-12.876	402.438	241.353	-11.064	379.127
799	1.59600	-198.268	-12.890	402.470	241.342	-11.070	379.159
800	1.59800	-198.718	-12.882	402.407	241.342	-11.062	379.071
801	1.60000	-199.156	-12.902	402.463	241.353	-11.075	379.126
802	1.60200	-199.580	-12.895	402.454	241.360	-11.072	379.142
803	1.60400	-200.059	-12.896	402.479	241.348	-11.066	379.175
804	1.60600	-200.509	-12.894	402.416	241.364	-11.098	379.181
805	1.60800	-200.973	-12.914	402.420	241.343	-11.090	379.070
806	1.61000	-201.386	-12.921	402.509	241.340	-11.084	379.094
807	1.61200	-201.811	-12.914	402.435	241.339	-11.099	379.183
808	1.61400	-202.257	-12.927	402.504	241.358	-11.112	379.164
809	1.61600	-202.713	-12.926	402.497	241.336	-11.124	379.142
810	1.61800	-203.160	-12.927	402.501	241.356	-11.126	379.100
811	1.62000	-203.567	-12.933	402.493	241.339	-11.104	379.182
812	1.62200	-203.992	-12.932	402.442	241.333	-11.117	379.167
813	1.62400	-204.445	-12.939	402.523	241.330	-11.092	379.192
814	1.62600	-204.862	-12.932	402.461	241.355	-11.117	379.190
815	1.62800	-205.315	-12.940	402.543	241.346	-11.106	379.198
816	1.63000	-205.755	-12.959	402.536	241.335	-11.094	379.143
817	1.63200	-206.220	-12.925	402.499	241.368	-11.104	379.221
818	1.63400	-206.657	-12.920	402.559	241.337	-11.101	379.207
819	1.63600	-207.097	-12.939	402.531	241.323	-11.096	379.176
820	1.63800	-207.512	-12.932	402.514	241.339	-11.090	379.184
821	1.64000	-208.001	-12.945	402.489	241.380	-11.096	379.188
822	1.64200	-208.414	-12.926	402.538	241.335	-11.091	379.144
823	1.64400	-208.862	-12.951	402.522	241.338	-11.097	379.118
824	1.64600	-209.335	-12.957	402.496	241.344	-11.076	379.135
825	1.64800	-209.781	-12.957	402.503	241.331	-11.089	379.103
826	1.65000	-210.189	-12.937	402.476	241.338	-11.088	379.118
827	1.65200	-210.660	-12.963	402.495	241.360	-11.083	379.141
828	1.65400	-211.100	-12.942	402.469	241.340	-11.086	379.094
829	1.65600	-211.498	-12.949	402.453	241.365	-11.080	379.092
830	1.65800	-211.985	-12.948	402.473	241.347	-11.110	379.109
831	1.66000	-212.409	-12.955	402.448	241.356	-11.091	379.101
832	1.66200	-212.814	-12.962	402.487	241.418	-11.100	379.216
833	1.66400	-213.253	-12.975	402.484	241.374	-11.086	379.083
834	1.66600	-213.683	-12.961	402.491	241.363	-11.075	379.117
835	1.66800	-214.147	-12.968	402.479	241.369	-11.072	379.132
836	1.67000	-214.528	-12.948	402.486	241.352	-11.099	379.061
837	1.67200	-215.033	-12.947	402.464	241.369	-11.073	379.132
838	1.67400	-215.429	-12.948	402.515	241.340	-11.068	379.095
839	1.67600	-215.868	-12.941	402.492	241.359	-11.057	379.077
840	1.67800	-216.330	-12.961	402.524	241.356	-11.078	379.102
841	1.68000	-216.762	-12.967	402.489	241.324	-11.078	379.088
842	1.68200	-217.232	-12.960	402.511	241.369	-11.079	379.133
843	1.68400	-217.654	-12.954	402.510	241.336	-11.062	379.055
844	1.68600	-218.117	-12.967	402.521	241.333	-11.075	379.079
845	1.68800	-218.523	-12.953	402.519	241.331	-11.071	379.104
846	1.69000	-219.027	-12.965	402.499	241.360	-11.077	379.141
847	1.69200	-219.439	-12.973	402.553	241.366	-11.074	379.157
848	1.69400	-219.870	-12.979	402.519	241.367	-11.093	379.157
849	1.69600	-220.340	-12.986	402.564	241.351	-11.095	379.150
850	1.69800	-220.769	-13.011	402.575	241.362	-11.101	379.205
851	1.70000	-221.218	-12.997	402.521	241.326	-11.102	379.151
852	1.70200	-221.637	-13.011	402.587	241.311	-11.101	379.144
853	1.70400	-222.085	-13.004	402.555	241.344	-11.113	379.134
854	1.70600	-222.481	-12.998	402.587	241.339	-11.119	379.182
855	1.70800	-222.977	-13.004	402.558	241.325	-11.115	379.240
856	1.71000	-223.406	-13.017	402.592	241.328	-11.099	379.215
857	1.71200	-223.844	-12.977	402.572	241.317	-11.122	379.160
858	1.71400	-224.275	-12.990	402.563	241.328	-11.114	379.216
859	1.71600	-224.710	-12.978	402.630	241.334	-11.111	379.232
860	1.71800	-225.117	-12.976	402.587	241.268	-11.085	379.076
861	1.72000	-225.563	-12.964	402.601	241.316	-11.113	379.249
862	1.72200	-226.001	-12.969	402.582	241.337	-11.092	379.208
863	1.72400	-226.447	-12.956	402.596	241.337	-11.116	379.208
864	1.72600	-226.924	-12.950	402.612	241.351	-11.075	379.150
865	1.72800	-227.348	-12.962	402.571	241.326	-11.088	379.152
866	1.73000	-227.760	-12.922	402.584	241.376	-11.087	379.148
867	1.73200	-228.248	-12.935	402.546	241.367	-11.082	379.157
868	1.73400	-228.664	-12.927	402.494	241.382	-11.076	379.164
869	1.73600	-229.134	-12.927	402.500	241.398	-11.072	379.171
870	1.73800	-229.504	-12.928	402.566	241.384	-11.092	379.075
871	1.74000	-229.966	-12.934	402.560	241.358	-11.073	379.077
872	1.74200	-230.396	-12.927	402.532	241.397	-11.081	379.106
873	1.74400	-230.844	-12.906	402.483	241.390	-11.083	379.091
874	1.74600	-231.280	-12.906	402.509	241.370	-11.088	379.044
875	1.74800	-231.710	-12.899	402.503	241.397	-11.069	379.106
876	1.75000	-232.181	-12.898	402.466	241.355	-11.090	379.037
877	1.75200	-232.569	-12.892	402.491	241.396	-11.072	379.105
878	1.75400	-233.048	-12.891	402.466	241.390	-11.083	379.091
879	1.75600	-233.434	-12.891	402.534	241.388	-11.078	379.115
880	1.75800	-233.904	-12.892	402.520	241.390	-11.089	379.091
881	1.76000	-234.333	-12.872	402.537	241.402	-11.068	379.058
882	1.76200	-234.778	-12.871	402.533	241.386	-11.088	379.050
883	1.76400	-235.200	-12.884	402.516	241.389	-11.067	379.180
884	1.76600	-235.627	-12.864	402.555	241.372	-11.086	379.107
885	1.76800	-236.092	-12.863	402.488	241.351	-11.088	379.150
886	1.77000	-236.534	-12.863	402.549	241.383	-11.093	379.163
887	1.77200	-236.979	-12.870	402.568	241.363	-11.072	379.117
888	1.77400	-237.407	-12.864	402.586	241.363	-11.087	379.116
889	1.77600	-237.870	-12.869	402.541	241.340	-11.086	379.094
890	1.77800	-238.313	-12.863	402.582	241.339	-11.097	379.030
891	1.78000	-238.750	-12.856	402.590	241.331	-11.091	379.103
892	1.78200	-239.220	-12.843	402.557	241.363	-11.092	379.117
893	1.78400	-239.646	-12.850	402.620	241.318	-11.089	379.072
894	1.78600	-240.126	-12.849	402.576	241.326	-11.090	379.151
895	1.78800	-240.553	-12.855	402.595	241.333	-11.090	379.167
896	1.79000	-240.979	-12.843	402.658	241.333	-11.088	379.167
897	1.79200	-241.432	-12.842	402.668	241.308	-11.103	379.168
898	1.79400	-241.861	-12.848	402.644	241.314	-11.083	379.185
899	1.79600	-242.308	-12.853	402.600	241.317	-11.104	379.160
900	1.79800	-242.720	-12.847	402.619	241.325	-11.109	379.240
901	1.80000	-243.188	-12.853	402.631	241.305	-11.110	379.193
902	1.80200	-243.607	-12.847	402.662	241.301	-11.094	379.154
903	1.80400	-244.037	-12.860	402.639	241.301	-11.113	379.152
904	1.80600	-244.481	-12.840	402.639	241.324	-11.106	379.176
905	1.80800	-244.916	-12.860	402.671	241.319	-11.113	379.224
906	1.81000	-245.344	-12.846	402.671	241.319	-11.099	379.225
907	1.81200	-245.790	-12.852	402.649	241.321	-11.091	379.200
908	1.81400	-246.226	-12.852	402.660	241.310	-11.097	379.144
909	1.81600	-246.639	-12.851	402.637	241.355	-11.101	379.190
910	1.81800	-247.100	-12.864	402.618	241.333	-11.122	379.166
911	1.82000	-247.511	-12.858	402.639	241.310	-11.086	379.145
912	1.82200	-247.973	-12.851	402.599	241.333	-11.117	379.167
913	1.82400	-248.425	-12.844	402.612	241.369	-11.084	379.132
914	1.82600	-248.803	-12.851	402.652	241.369	-11.098	379.132
915	1.82800	-249.282	-12.863	402.592	241.357	-11.075	379.166
916	1.83000	-249.693	-12.850	402.614	241.360	-11.077	379.142
917	1.83200	-250.146	-12.830	402.585	241.347	-11.066	379.111
918	1.83400	-250.597	-12.836	402.620	241.392	-11.059	379.156
919	1.83600	-251.003	-12.822	402.566	241.404	-11.056	379.187
920	1.83800	-251.429	-12.836	402.611	241.389	-11.079	379.180
921	1.84000	-251.866	-12.829	402.582	241.361	-11.066	379.054
922	1.84200	-252.303	-12.828	402.552	241.356	-11.052	379.102
923	1.84400	-252.737	-12.855	402.587	241.362	-11.062	379.118
924	1.84600	-253.174	-12.854	402.558	241.352	-11.056	379.063
925	1.84800	-253.658	-12.854	402.576	241.371	-11.072	379.108
926	1.85000	-254.028	-12.854	402.607	241.371	-11.047	379.109
927	1.85200	-254.487	-12.860	402.613	241.374	-11.069	379.085
928	1.85400	-254.937	-12.880	402.650	241.374	-11.055	379.085
929	1.85600	-255.376	-12.885	402.578	241.397	-11.071	379.106
930	1.85800	-255.836	-12.911	402.584	241.383	-11.078	379.075
931	1.86000	-256.232	-12.923	402.563	241.365	-11.067	379.093
932	1.86200	-256.705	-12.917	402.615	241.347	-11.086	379.110
933	1.86400	-257.149	-12.917	402.621	241.381	-11.075	379.100
934	1.86600	-257.559	-12.910	402.646	241.362	-11.070	379.117
935	1.86800	-258.011	-12.909	402.620	241.349	-11.067	379.087
936	1.87000	-258.437	-12.916	402.646	241.381	-11.069	379.099
937	1.87200	-258.874	-12.929	402.619	241.356	-11.076	379.102
938	1.87400	-259.357	-12.916	402.640	241.349	-11.063	379.086
939	1.87600	-259.786	-12.914	402.602	241.343	-11.094	379.070
940	1.87800	-260.236	-12.922	402.621	241.333	-11.067	379.079
941	1.88000	-260.647	-12.935	402.625	241.372	-11.097	379.108
942	1.88200	-261.080	-12.948	402.664	241.344	-11.078	379.135
943	1.88400	-261.550	-12.940	402.619	241.369	-11.083	379.133
944	1.88600	-261.942	-12.941	402.666	241.364	-11.070	379.182
945	1.88800	-262.408	-12.954	402.687	241.367	-11.090	379.157
946	1.89000	-262.795	-12.954	402.679	241.342	-11.082	379.159
947	1.89200	-263.280	-12.959	402.658	241.344	-11.080	379.134
948	1.89400	-263.737	-12.959	402.690	241.333	-11.075	379.168
949	1.89600	-264.150	-12.978	402.652	241.329	-11.095	379.127
950	1.89800	-264.581	-12.978	402.714	241.337	-11.086	379.207
951	1.90000	-264.984	-12.984	402.709	241.342	-11.116	379.159
952	1.90200	-265.452	-12.984	402.688	241.368	-11.103	379.221
953	1.90400	-265.893	-12.997	402.718	241.369	-11.112	379.221
954	1.90600	-266.305	-12.990	402.703	241.339	-11.112	379.182
955	1.90800	-266.747	-12.996	402.713	241.336	-11.117	379.143
956	1.91000	-267.183	-12.975	402.690	241.329	-11.111	379.127
957	1.91200	-267.633	-12.982	402.690	241.334	-11.092	379.232
958	1.91400	-268.082	-12.996	402.733	241.322	-11.083	379.112
959	1.91600	-268.533	-12.981	402.712	241.295	-11.124	379.137
960	1.91800	-268.958	-13.002	402.743	241.313	-11.104	379.120
961	1.92000	-269.420	-12.981	402.669	241.317	-11.098	379.160
962	1.92200	-269.830	-12.975	402.677	241.271	-11.085	379.051
963	1.92400	-270.262	-12.969	402.720	241.319	-11.086	379.136
964	1.92600	-270.698	-12.954	402.698	241.360	-11.085	379.141
965	1.92800	-271.163	-12.961	402.723	241.328	-11.087	379.128
966	1.93000	-271.576	-12.960	402.667	241.347	-11.084	379.111
967	1.93200	-272.001	-12.946	402.677	241.371	-11.086	379.197
968	1.93400	-272.418	-12.940	402.698	241.308	-11.075	379.081
969	1.93600	-272.862	-12.952	402.667	241.344	-11.076	379.134
970	1.93800	-273.288	-12.958	402.677	241.322	-11.060	379.112
971	1.94000	-273.712	-12.952	402.710	241.347	-11.079	379.110
972	1.94200	-274.140	-12.938	402.657	241.357	-11.093	379.165
973	1.94400	-274.579	-12.945	402.713	241.356	-11.076	379.101
974	1.94600	-274.999	-12.957	402.691	241.331	-11.102	379.103
975	1.94800	-275.409	-12.930	402.680	241.367	-11.091	379.157
976	1.95000	-275.863	-12.957	402.760	241.347	-11.089	379.110
977	1.95200	-276.292	-12.955	402.685	241.365	-11.097	379.092
978	1.95400	-276.775	-12.949	402.671	241.338	-11.098	379.118
979	1.95600	-277.193	-12.928	402.672	241.344	-11.098	379.134
980	1.95800	-277.618	-12.941	402.685	241.343	-11.095	379.070
981	1.96000	-278.112	-12.929	402.738	241.358	-11.097	379.165
982	1.96200	-278.509	-12.927	402.683	241.342	-11.092	379.158
983	1.96400	-278.940	-12.928	402.730	241.369	-11.098	379.132
984	1.96600	-279.409	-12.914	402.672	241.387	-11.097	379.203
985	1.96800	-279.783	-12.908	402.724	241.376	-11.095	379.147
986	1.97000	-280.288	-12.921	402.746	241.382	-11.081	379.164
987	1.97200	-280.708	-12.919	402.683	241.392	-11.116	379.154
988	1.97400	-281.133	-12.906	402.697	241.349	-11.084	379.085
989	1.97600	-281.550	-12.893	402.700	241.378	-11.089	379.123
990	1.97800	-281.991	-12.892	402.695	241.398	-11.080	379.170
991	1.98000	-282.415	-12.892	402.731	241.381	-11.091	379.099
992	1.98200	-282.843	-12.898	402.681	241.383	-11.109	379.163
993	1.98400	-283.273	-12.898	402.729	241.392	-11.082	379.155
994	1.98600	-283.730	-12.871	402.727	241.380	-11.095	379.188
995	1.98800	-284.115	-12.897	402.727	241.365	-11.100	379.092
996	1.99000	-284.612	-12.877	402.740	241.356	-11.100	379.100
997	1.99200	-284.991	-12.883	402.706	241.390	-11.093	379.090
998	1.99400	-285.446	-12.883	402.726	241.373	-11.099	379.172
999	1.99600	-285.902	-12.882	402.746	241.349	-11.080	379.085
1000	1.99800	-286.288	-12.869	402.725	241.398	-11.089	379.170
1001	2.00000	-286.767	-12.895	402.759	241.383	-11.096	379.164
1002	2.00200	-287.200	-12.882	402.766	241.372	-11.084	379.107
1003	2.00400	-287.642	-12.875	402.741	241.347	-11.089	379.110
1004	2.00600	-288.103	-12.862	402.796	241.331	-11.080	379.103
1005	2.00800	-288.508	-12.854	402.734	241.356	-11.064	379.101
1006	2.01000	-288.943	-12.856	402.819	241.344	-11.089	379.134
1007	2.01200	-289.401	-12.848	402.797	241.344	-11.082	379.135
1008	2.01400	-289.827	-12.841	402.771	241.353	-11.063	379.125
1009	2.01600	-290.302	-12.834	402.730	241.356	-11.075	379.101
1010	2.01800	-290.708	-12.847	402.768	241.340	-11.058	379.095
1011	2.02000	-291.132	-12.834	402.786	241.321	-11.085	379.048
1012	2.02200	-291.582	-12.859	402.753	241.360	-11.077	379.142
1013	2.02400	-292.009	-12.838	402.707	241.360	-11.085	379.142
1014	2.02600	-292.438	-12.839	402.759	241.356	-11.074	379.102
1015	2.02800	-292.863	-12.845	402.756	241.324	-11.096	379.088
1016	2.03000	-293.294	-12.838	402.766	241.373	-11.066	379.173
1017	2.03200	-293.731	-12.839	402.830	241.341	-11.067	379.159
1018	2.03400	-294.167	-12.837	402.753	241.313	-11.077	379.121
1019	2.03600	-294.620	-12.857	402.820	241.333	-11.089	379.167
1020	2.03800	-295.045	-12.864	402.797	241.348	-11.080	379.175
1021	2.04000	-295.469	-12.869	402.795	241.373	-11.087	379.172
1022	2.04200	-295.905	-12.876	402.860	241.329	-11.091	379.128
1023	2.04400	-296.341	-12.868	402.806	241.333	-11.090	379.168
1024	2.04600	-296.809	-12.869	402.854	241.346	-11.106	379.198
1025	2.04800	-297.235	-12.895	402.831	241.324	-11.100	379.175
1026	2.05000	-297.641	-12.881	402.851	241.316	-11.109	379.249
1027	2.05200	-298.143	-12.868	402.882	241.350	-11.090	379.238
1028	2.05400	-298.505	-12.881	402.852	241.297	-11.100	379.113
1029	2.05600	-298.960	-12.887	402.856	241.330	-11.114	379.191
1030	2.05800	-299.414	-12.880	402.881	241.323	-11.091	379.176
1031	2.06000	-299.817	-12.878	402.824	241.321	-11.109	379.200
1032	2.06200	-300.263	-12.879	402.860	241.330	-11.091	379.192
1033	2.06400	-300.705	-12.898	402.819	241.321	-11.102	379.200
1034	2.06600	-301.107	-12.900	402.905	241.350	-11.106	379.239
1035	2.06800	-301.555	-12.899	402.898	241.346	-11.105	379.199
1036	2.07000	-301.975	-12.891	402.822	241.332	-11.097	379.168
1037	2.07200	-302.396	-12.891	402.867	241.335	-11.080	379.144
1038	2.07400	-302.819	-12.871	402.868	241.338	-11.078	379.119
1039	2.07600	-303.259	-12.858	402.851	241.360	-11.086	379.142
1040	2.07800	-303.730	-12.857	402.859	241.341	-11.072	379.159
1041	2.08000	-304.139	-12.863	402.815	241.347	-11.083	379.110
1042	2.08200	-304.564	-12.843	402.796	241.378	-11.088	379.125
1043	2.08400	-305.001	-12.869	402.822	241.378	-11.067	379.124
1044	2.08600	-305.371	-12.854	402.784	241.382	-11.088	379.164
1045	2.08800	-305.838	-12.862	402.837	241.397	-11.074	379.107
1046	2.09000	-306.273	-12.873	402.786	241.363	-11.078	379.117
1047	2.09200	-306.678	-12.886	402.809	241.387	-11.084	379.115
1048	2.09400	-307.157	-12.879	402.809	241.372	-11.078	379.108
1049	2.09600	-307.592	-12.890	402.737	241.390	-11.088	379.091
1050	2.09800	-308.022	-12.883	402.752	241.374	-11.074	379.084
1051	2.10000	-308.436	-12.903	402.766	241.422	-11.079	379.104
1052	2.10200	-308.846	-12.889	402.724	241.403	-11.078	379.122
1053	2.10400	-309.301	-12.884	402.831	241.395	-11.075	379.042
1054	2.10600	-309.761	-12.902	402.753	241.437	-11.076	379.112
1055	2.10800	-310.183	-12.908	402.757	241.399	-11.080	379.082
1056	2.11000	-310.610	-12.915	402.817	241.377	-11.075	379.060
1057	2.11200	-311.046	-12.894	402.726	241.410	-11.065	379.137
1058	2.11400	-311.447	-12.915	402.815	241.373	-11.069	379.020
1059	2.11600	-311.900	-12.908	402.846	241.370	-11.070	379.043
1060	2.11800	-312.333	-12.914	402.799	241.410	-11.069	379.138
1061	2.12000	-312.785	-12.900	402.831	241.410	-11.075	379.137
1062	2.12200	-313.216	-12.913	402.826	241.387	-11.053	379.115
1063	2.12400	-313.655	-12.906	402.813	241.369	-11.074	379.132
1064	2.12600	-314.101	-12.932	402.811	241.376	-11.078	379.149
1065	2.12800	NaN	NaN	NaN	241.403	-11.072	379.122
1066	2.13000	NaN	NaN	NaN	241.356	-11.076	379.101
1067	2.13200	NaN	NaN	NaN	241.378	-11.061	379.125
1068	2.13400	NaN	NaN	NaN	241.376	-11.079	379.148
1069	2.13600	NaN	NaN	NaN	241.304	-11.087	379.129
1070	2.13800	NaN	NaN	NaN	241.313	-11.090	379.121
1071	2.14000	NaN	NaN	NaN	241.346	-11.096	379.198
1072	2.14200	NaN	NaN	NaN	241.329	-11.108	379.127
1073	2.14400	NaN	NaN	NaN	241.328	-11.120	379.215
1074	2.14600	NaN	NaN	NaN	241.346	-11.100	379.198
1075	2.14800	NaN	NaN	NaN	241.314	-11.105	379.185
1076	2.15000	NaN	NaN	NaN	241.334	-11.125	379.231
1077	2.15200	NaN	NaN	NaN	241.301	-11.109	379.153
1078	2.15400	NaN	NaN	NaN	241.309	-11.092	379.233
1079	2.15600	NaN	NaN	NaN	241.308	-11.111	379.169
1080	2.15800	NaN	NaN	NaN	241.292	-11.098	379.162
1081	2.16000	NaN	NaN	NaN	241.325	-11.125	379.240
1082	2.16200	NaN	NaN	NaN	241.307	-11.110	379.105
1083	2.16400	NaN	NaN	NaN	241.308	-11.114	379.168
1084	2.16600	NaN	NaN	NaN	241.305	-11.096	379.193
1085	2.16800	NaN	NaN	NaN	241.338	-11.100	379.271
1086	2.17000	NaN	NaN	NaN	241.305	-11.102	379.194
1087	2.17200	NaN	NaN	NaN	241.314	-11.112	379.184
1088	2.17400	NaN	NaN	NaN	241.308	-11.091	379.169
1089	2.17600	NaN	NaN	NaN	241.330	-11.098	379.191
1090	2.17800	NaN	NaN	NaN	241.357	-11.075	379.165
1091	2.18000	NaN	NaN	NaN	241.367	-11.110	379.157
1092	2.18200	NaN	NaN	NaN	241.360	-11.074	379.141
1093	2.18400	NaN	NaN	NaN	241.358	-11.095	379.165
1094	2.18600	NaN	NaN	NaN	241.344	-11.076	379.135
1095	2.18800	NaN	NaN	NaN	241.363	-11.105	379.117
1096	2.19000	NaN	NaN	NaN	241.356	-11.087	379.101
1097	2.19200	NaN	NaN	NaN	241.372	-11.089	379.108
1098	2.19400	NaN	NaN	NaN	241.365	-11.079	379.093
1099	2.19600	NaN	NaN	NaN	241.381	-11.083	379.100
1100	2.19800	NaN	NaN	NaN	241.401	-11.086	379.146
1101	2.20000	NaN	NaN	NaN	241.387	-11.058	379.116
1102	2.20200	NaN	NaN	NaN	241.407	-11.076	379.163
1103	2.20400	NaN	NaN	NaN	241.399	-11.065	379.083
1104	2.20600	NaN	NaN	NaN	241.387	-11.052	379.116
1105	2.20800	NaN	NaN	NaN	241.397	-11.067	379.107
1106	2.21000	NaN	NaN	NaN	241.374	-11.084	379.085
1107	2.21200	NaN	NaN	NaN	241.403	-11.063	379.122
1108	2.21400	NaN	NaN	NaN	241.365	-11.082	379.094
1109	2.21600	NaN	NaN	NaN	241.399	-11.098	379.083
1110	2.21800	NaN	NaN	NaN	241.387	-11.060	379.116
1111	2.22000	NaN	NaN	NaN	241.358	-11.061	379.078
1112	2.22200	NaN	NaN	NaN	241.403	-11.077	379.122
1113	2.22400	NaN	NaN	NaN	241.387	-11.081	379.115
1114	2.22600	NaN	NaN	NaN	241.356	-11.094	379.101
1115	2.22800	NaN	NaN	NaN	241.398	-11.087	379.170
1116	2.23000	NaN	NaN	NaN	241.373	-11.094	379.172
1117	2.23200	NaN	NaN	NaN	241.347	-11.094	379.110
1118	2.23400	NaN	NaN	NaN	241.358	-11.098	379.165
1119	2.23600	NaN	NaN	NaN	241.351	-11.096	379.150
1120	2.23800	NaN	NaN	NaN	241.342	-11.126	379.158
1121	2.24000	NaN	NaN	NaN	241.345	-11.092	379.134
1122	2.24200	NaN	NaN	NaN	241.342	-11.122	379.158
1123	2.24400	NaN	NaN	NaN	241.338	-11.111	379.117
1124	2.24600	NaN	NaN	NaN	241.335	-11.098	379.142
1125	2.24800	NaN	NaN	NaN	241.316	-11.110	379.095
1126	2.25000	NaN	NaN	NaN	241.346	-11.095	379.198
1127	2.25200	NaN	NaN	NaN	241.339	-11.096	379.182
1128	2.25400	NaN	NaN	NaN	241.334	-11.094	379.231
1129	2.25600	NaN	NaN	NaN	241.313	-11.093	379.120
1130	2.25800	NaN	NaN	NaN	241.323	-11.088	379.176
1131	2.26000	NaN	NaN	NaN	241.317	-11.090	379.160
1132	2.26200	NaN	NaN	NaN	241.326	-11.069	379.152
1133	2.26400	NaN	NaN	NaN	241.317	-11.082	379.161
1134	2.26600	NaN	NaN	NaN	241.297	-11.070	379.114
1135	2.26800	NaN	NaN	NaN	241.315	-11.060	379.097
1136	2.27000	NaN	NaN	NaN	241.353	-11.060	379.126
1137	2.27200	NaN	NaN	NaN	241.319	-11.069	379.136
1138	2.27400	NaN	NaN	NaN	241.357	-11.080	379.166
1139	2.27600	NaN	NaN	NaN	241.354	-11.076	379.126
1140	2.27800	NaN	NaN	NaN	241.366	-11.057	379.157
1141	2.28000	NaN	NaN	NaN	241.340	-11.065	379.095
1142	2.28200	NaN	NaN	NaN	241.308	-11.068	379.081
1143	2.28400	NaN	NaN	NaN	241.322	-11.071	379.112
1144	2.28600	NaN	NaN	NaN	241.367	-11.056	379.157
1145	2.28800	NaN	NaN	NaN	241.340	-11.079	379.094
1146	2.29000	NaN	NaN	NaN	241.344	-11.083	379.134
1147	2.29200	NaN	NaN	NaN	241.344	-11.069	379.134
1148	2.29400	NaN	NaN	NaN	241.367	-11.076	379.157
1149	2.29600	NaN	NaN	NaN	241.342	-11.078	379.159
1150	2.29800	NaN	NaN	NaN	241.396	-11.089	379.195
1151	2.30000	NaN	NaN	NaN	241.326	-11.059	379.152
1152	2.30200	NaN	NaN	NaN	241.356	-11.068	379.102
1153	2.30400	NaN	NaN	NaN	241.369	-11.072	379.133
1154	2.30600	NaN	NaN	NaN	241.363	-11.066	379.117
1155	2.30800	NaN	NaN	NaN	241.398	-11.074	379.171
1156	2.31000	NaN	NaN	NaN	241.347	-11.081	379.110
1157	2.31200	NaN	NaN	NaN	241.360	-11.086	379.142
1158	2.31400	NaN	NaN	NaN	241.344	-11.066	379.135
1159	2.31600	NaN	NaN	NaN	241.371	-11.087	379.197
1160	2.31800	NaN	NaN	NaN	241.349	-11.067	379.086
1161	2.32000	NaN	NaN	NaN	241.391	-11.072	379.155
1162	2.32200	NaN	NaN	NaN	241.367	-11.082	379.157
1163	2.32400	NaN	NaN	NaN	241.348	-11.088	379.174
1164	2.32600	NaN	NaN	NaN	241.331	-11.088	379.103
1165	2.32800	NaN	NaN	NaN	241.364	-11.089	379.181
1166	2.33000	NaN	NaN	NaN	241.375	-11.084	379.084
1167	2.33200	NaN	NaN	NaN	241.351	-11.104	379.150
1168	2.33400	NaN	NaN	NaN	241.340	-11.092	379.094
1169	2.33600	NaN	NaN	NaN	241.369	-11.103	379.132
1170	2.33800	NaN	NaN	NaN	241.376	-11.081	379.148
1171	2.34000	NaN	NaN	NaN	241.351	-11.095	379.150
1172	2.34200	NaN	NaN	NaN	241.340	-11.105	379.093
1173	2.34400	NaN	NaN	NaN	241.347	-11.095	379.110
1174	2.34600	NaN	NaN	NaN	241.363	-11.087	379.117
1175	2.34800	NaN	NaN	NaN	241.351	-11.095	379.150
1176	2.35000	NaN	NaN	NaN	241.347	-11.087	379.110
1177	2.35200	NaN	NaN	NaN	241.351	-11.094	379.150
1178	2.35400	NaN	NaN	NaN	241.345	-11.078	379.135
1179	2.35600	NaN	NaN	NaN	241.384	-11.099	379.228
1180	2.35800	NaN	NaN	NaN	241.352	-11.071	379.062
1181	2.36000	NaN	NaN	NaN	241.398	-11.075	379.172
1182	2.36200	NaN	NaN	NaN	241.363	-11.089	379.117
1183	2.36400	NaN	NaN	NaN	241.351	-11.064	379.151
1184	2.36600	NaN	NaN	NaN	241.398	-11.077	379.171
1185	2.36800	NaN	NaN	NaN	241.385	-11.081	379.140
1186	2.37000	NaN	NaN	NaN	241.360	-11.080	379.142
1187	2.37200	NaN	NaN	NaN	241.346	-11.093	379.046
1188	2.37400	NaN	NaN	NaN	241.369	-11.084	379.133
1189	2.37600	NaN	NaN	NaN	241.385	-11.079	379.139
1190	2.37800	NaN	NaN	NaN	241.376	-11.098	379.148
1191	2.38000	NaN	NaN	NaN	241.354	-11.088	379.126
1192	2.38200	NaN	NaN	NaN	241.349	-11.077	379.086
1193	2.38400	NaN	NaN	NaN	241.367	-11.096	379.156
1194	2.38600	NaN	NaN	NaN	241.333	-11.112	379.167
1195	2.38800	NaN	NaN	NaN	241.383	-11.113	379.163
1196	2.39000	NaN	NaN	NaN	241.317	-11.105	379.160
1197	2.39200	NaN	NaN	NaN	241.349	-11.109	379.173
1198	2.39400	NaN	NaN	NaN	241.317	-11.109	379.160
1199	2.39600	NaN	NaN	NaN	241.335	-11.104	379.142
1200	2.39800	NaN	NaN	NaN	241.277	-11.099	379.066
1201	2.40000	NaN	NaN	NaN	241.326	-11.104	379.151
1202	2.40200	NaN	NaN	NaN	241.263	-11.078	379.124
1203	2.40400	NaN	NaN	NaN	241.324	-11.102	379.175
1204	2.40600	NaN	NaN	NaN	241.299	-11.116	379.177
1205	2.40800	NaN	NaN	NaN	241.311	-11.095	379.145
1206	2.41000	NaN	NaN	NaN	241.306	-11.093	379.105
1207	2.41200	NaN	NaN	NaN	241.337	-11.099	379.208
1208	2.41400	NaN	NaN	NaN	241.323	-11.083	379.176
1209	2.41600	NaN	NaN	NaN	241.371	-11.098	379.196
1210	2.41800	NaN	NaN	NaN	241.300	-11.111	379.089
1211	2.42000	NaN	NaN	NaN	241.319	-11.088	379.136
1212	2.42200	NaN	NaN	NaN	241.373	-11.104	379.172
1213	2.42400	NaN	NaN	NaN	241.382	-11.095	379.163
1214	2.42600	NaN	NaN	NaN	241.349	-11.099	379.174
1215	2.42800	NaN	NaN	NaN	241.338	-11.107	379.118
1216	2.43000	NaN	NaN	NaN	241.342	-11.098	379.158
1217	2.43200	NaN	NaN	NaN	241.347	-11.092	379.109
1218	2.43400	NaN	NaN	NaN	241.354	-11.096	379.126
1219	2.43600	NaN	NaN	NaN	241.357	-11.085	379.165
1220	2.43800	NaN	NaN	NaN	241.376	-11.090	379.148
1221	2.44000	NaN	NaN	NaN	241.350	-11.087	379.085
1222	2.44200	NaN	NaN	NaN	241.359	-11.087	379.077
1223	2.44400	NaN	NaN	NaN	241.332	-11.084	379.014
1224	2.44600	NaN	NaN	NaN	241.392	-11.100	379.155
1225	2.44800	NaN	NaN	NaN	241.349	-11.082	379.086
1226	2.45000	NaN	NaN	NaN	241.403	-11.059	379.122
1227	2.45200	NaN	NaN	NaN	241.323	-11.058	379.023
1228	2.45400	NaN	NaN	NaN	241.381	-11.085	379.099
1229	2.45600	NaN	NaN	NaN	241.388	-11.077	379.116
1230	2.45800	NaN	NaN	NaN	241.365	-11.084	379.093
1231	2.46000	NaN	NaN	NaN	241.387	-11.062	379.116
1232	2.46200	NaN	NaN	NaN	241.390	-11.068	379.091
1233	2.46400	NaN	NaN	NaN	241.376	-11.043	379.060
1234	2.46600	NaN	NaN	NaN	241.379	-11.072	379.035
1235	2.46800	NaN	NaN	NaN	241.379	-11.086	379.035
1236	2.47000	NaN	NaN	NaN	241.368	-11.065	379.069
1237	2.47200	NaN	NaN	NaN	241.385	-11.045	379.140
1238	2.47400	NaN	NaN	NaN	241.383	-11.058	379.076
1239	2.47600	NaN	NaN	NaN	241.327	-11.090	379.063
1240	2.47800	NaN	NaN	NaN	241.334	-11.085	379.079
1241	2.48000	NaN	NaN	NaN	241.344	-11.076	379.134
1242	2.48200	NaN	NaN	NaN	241.363	-11.086	379.118
1243	2.48400	NaN	NaN	NaN	241.342	-11.096	379.159
1244	2.48600	NaN	NaN	NaN	241.338	-11.086	379.119
1245	2.48800	NaN	NaN	NaN	241.331	-11.085	379.103
1246	2.49000	NaN	NaN	NaN	241.304	-11.100	379.129
1247	2.49200	NaN	NaN	NaN	241.326	-11.096	379.152
1248	2.49400	NaN	NaN	NaN	241.317	-11.096	379.160
1249	2.49600	NaN	NaN	NaN	241.314	-11.101	379.185
1250	2.49800	NaN	NaN	NaN	241.308	-11.119	379.169
1251	2.50000	NaN	NaN	NaN	241.324	-11.092	379.177
1252	2.50200	NaN	NaN	NaN	241.317	-11.097	379.161
1253	2.50400	NaN	NaN	NaN	241.314	-11.098	379.185
1254	2.50600	NaN	NaN	NaN	241.317	-11.092	379.161
1255	2.50800	NaN	NaN	NaN	241.330	-11.111	379.192
1256	2.51000	NaN	NaN	NaN	241.330	-11.088	379.192
1257	2.51200	NaN	NaN	NaN	241.355	-11.084	379.191
1258	2.51400	NaN	NaN	NaN	241.344	-11.100	379.135
1259	2.51600	NaN	NaN	NaN	241.355	-11.098	379.191
1260	2.51800	NaN	NaN	NaN	241.353	-11.090	379.215
1261	2.52000	NaN	NaN	NaN	241.319	-11.100	379.136
1262	2.52200	NaN	NaN	NaN	241.339	-11.089	379.183
1263	2.52400	NaN	NaN	NaN	241.358	-11.104	379.165
1264	2.52600	NaN	NaN	NaN	241.358	-11.112	379.165
1265	2.52800	NaN	NaN	NaN	241.351	-11.074	379.151
1266	2.53000	NaN	NaN	NaN	241.377	-11.091	379.213
1267	2.53200	NaN	NaN	NaN	241.327	-11.088	379.062
1268	2.53400	NaN	NaN	NaN	241.351	-11.107	379.150
1269	2.53600	NaN	NaN	NaN	241.387	-11.074	379.115
1270	2.53800	NaN	NaN	NaN	241.354	-11.078	379.126
1271	2.54000	NaN	NaN	NaN	241.406	-11.052	379.099
1272	2.54200	NaN	NaN	NaN	241.330	-11.083	379.039
1273	2.54400	NaN	NaN	NaN	241.339	-11.060	379.030
1274	2.54600	NaN	NaN	NaN	241.358	-11.068	379.077
1275	2.54800	NaN	NaN	NaN	241.390	-11.070	379.092
1276	2.55000	NaN	NaN	NaN	241.349	-11.067	379.086
1277	2.55200	NaN	NaN	NaN	241.381	-11.066	379.100
1278	2.55400	NaN	NaN	NaN	241.314	-11.064	379.032
1279	2.55600	NaN	NaN	NaN	241.371	-11.057	379.109
1280	2.55800	NaN	NaN	NaN	241.352	-11.062	379.062
1281	2.56000	NaN	NaN	NaN	241.325	-11.043	379.000
1282	2.56200	NaN	NaN	NaN	241.328	-11.073	379.128
1283	2.56400	NaN	NaN	NaN	241.347	-11.052	379.111
1284	2.56600	NaN	NaN	NaN	241.319	-11.087	379.137
1285	2.56800	NaN	NaN	NaN	241.331	-11.079	379.103
1286	2.57000	NaN	NaN	NaN	241.340	-11.074	379.094
1287	2.57200	NaN	NaN	NaN	241.331	-11.077	379.103
1288	2.57400	NaN	NaN	NaN	241.344	-11.101	379.134
1289	2.57600	NaN	NaN	NaN	241.360	-11.115	379.141
1290	2.57800	NaN	NaN	NaN	241.358	-11.109	379.164
1291	2.58000	NaN	NaN	NaN	241.367	-11.108	379.155
1292	2.58200	NaN	NaN	NaN	241.313	-11.122	379.119
1293	2.58400	NaN	NaN	NaN	241.340	-11.115	379.182
1294	2.58600	NaN	NaN	NaN	241.355	-11.105	379.189
1295	2.58800	NaN	NaN	NaN	241.357	-11.109	379.253
1296	2.59000	NaN	NaN	NaN	241.346	-11.095	379.198
1297	2.59200	NaN	NaN	NaN	241.342	-11.111	379.158
1298	2.59400	NaN	NaN	NaN	241.316	-11.099	379.096
1299	2.59600	NaN	NaN	NaN	241.344	-11.105	379.134
1300	2.59800	NaN	NaN	NaN	241.351	-11.084	379.150
1301	2.60000	NaN	NaN	NaN	241.351	-11.074	379.150
1302	2.60200	NaN	NaN	NaN	241.367	-11.095	379.157
1303	2.60400	NaN	NaN	NaN	241.364	-11.081	379.181
1304	2.60600	NaN	NaN	NaN	241.344	-11.088	379.135
1305	2.60800	NaN	NaN	NaN	241.378	-11.084	379.124
1306	2.61000	NaN	NaN	NaN	241.364	-11.073	379.182
1307	2.61200	NaN	NaN	NaN	241.392	-11.092	379.155
1308	2.61400	NaN	NaN	NaN	241.388	-11.092	379.115
1309	2.61600	NaN	NaN	NaN	241.365	-11.088	379.092
1310	2.61800	NaN	NaN	NaN	241.356	-11.078	379.101
1311	2.62000	NaN	NaN	NaN	241.365	-11.076	379.093
1312	2.62200	NaN	NaN	NaN	241.374	-11.064	379.084
1313	2.62400	NaN	NaN	NaN	241.352	-11.088	379.061
1314	2.62600	NaN	NaN	NaN	241.350	-11.097	379.086
1315	2.62800	NaN	NaN	NaN	241.363	-11.079	379.117
1316	2.63000	NaN	NaN	NaN	241.356	-11.071	379.101
1317	2.63200	NaN	NaN	NaN	241.361	-11.080	379.053
1318	2.63400	NaN	NaN	NaN	241.378	-11.104	379.123
1319	2.63600	NaN	NaN	NaN	241.356	-11.082	379.101
1320	2.63800	NaN	NaN	NaN	241.356	-11.105	379.101
1321	2.64000	NaN	NaN	NaN	241.378	-11.072	379.124
1322	2.64200	NaN	NaN	NaN	241.344	-11.087	379.135
1323	2.64400	NaN	NaN	NaN	241.373	-11.076	379.172
1324	2.64600	NaN	NaN	NaN	241.363	-11.119	379.117
1325	2.64800	NaN	NaN	NaN	241.393	-11.091	379.219
1326	2.65000	NaN	NaN	NaN	241.336	-11.090	379.054
1327	2.65200	NaN	NaN	NaN	241.360	-11.084	379.142
1328	2.65400	NaN	NaN	NaN	241.340	-11.095	379.095
1329	2.65600	NaN	NaN	NaN	241.385	-11.084	379.140
1330	2.65800	NaN	NaN	NaN	241.369	-11.095	379.132
1331	2.66000	NaN	NaN	NaN	241.350	-11.118	379.086
1332	2.66200	NaN	NaN	NaN	241.338	-11.105	379.119
1333	2.66400	NaN	NaN	NaN	241.353	-11.086	379.214
1334	2.66600	NaN	NaN	NaN	241.362	-11.107	379.206
1335	2.66800	NaN	NaN	NaN	241.331	-11.113	379.103
1336	2.67000	NaN	NaN	NaN	241.360	-11.097	379.141
1337	2.67200	NaN	NaN	NaN	241.326	-11.103	379.152
1338	2.67400	NaN	NaN	NaN	241.348	-11.113	379.174
1339	2.67600	NaN	NaN	NaN	241.343	-11.099	379.224
1340	2.67800	NaN	NaN	NaN	241.339	-11.091	379.183
1341	2.68000	NaN	NaN	NaN	241.329	-11.086	379.128
1342	2.68200	NaN	NaN	NaN	241.335	-11.097	379.143
1343	2.68400	NaN	NaN	NaN	241.330	-11.103	379.191
1344	2.68600	NaN	NaN	NaN	241.313	-11.091	379.121
1345	2.68800	NaN	NaN	NaN	241.313	-11.086	379.120
1346	2.69000	NaN	NaN	NaN	241.333	-11.088	379.167
1347	2.69200	NaN	NaN	NaN	241.310	-11.084	379.145
1348	2.69400	NaN	NaN	NaN	241.330	-11.106	379.192
1349	2.69600	NaN	NaN	NaN	241.313	-11.077	379.121
1350	2.69800	NaN	NaN	NaN	241.297	-11.072	379.114
1351	2.70000	NaN	NaN	NaN	241.339	-11.073	379.030
1352	2.70200	NaN	NaN	NaN	241.390	-11.078	379.245
1353	2.70400	NaN	NaN	NaN	241.331	-11.082	379.103
1354	2.70600	NaN	NaN	NaN	241.344	-11.078	379.135
1355	2.70800	NaN	NaN	NaN	241.338	-11.055	379.119
1356	2.71000	NaN	NaN	NaN	241.369	-11.066	379.133
1357	2.71200	NaN	NaN	NaN	241.376	-11.085	379.149
1358	2.71400	NaN	NaN	NaN	241.356	-11.048	379.103
1359	2.71600	NaN	NaN	NaN	241.347	-11.064	379.111
1360	2.71800	NaN	NaN	NaN	241.383	-11.067	379.075
1361	2.72000	NaN	NaN	NaN	241.351	-11.079	379.150
1362	2.72200	NaN	NaN	NaN	241.362	-11.063	379.117
1363	2.72400	NaN	NaN	NaN	241.382	-11.056	379.165
1364	2.72600	NaN	NaN	NaN	241.366	-11.084	379.157
1365	2.72800	NaN	NaN	NaN	241.362	-11.070	379.117
1366	2.73000	NaN	NaN	NaN	241.347	-11.060	379.110
1367	2.73200	NaN	NaN	NaN	241.360	-11.078	379.142
1368	2.73400	NaN	NaN	NaN	241.349	-11.053	379.086
1369	2.73600	NaN	NaN	NaN	241.362	-11.081	379.117
1370	2.73800	NaN	NaN	NaN	241.385	-11.080	379.139
1371	2.74000	NaN	NaN	NaN	241.331	-11.097	379.103
1372	2.74200	NaN	NaN	NaN	241.349	-11.084	379.085
1373	2.74400	NaN	NaN	NaN	241.340	-11.091	379.094
1374	2.74600	NaN	NaN	NaN	241.358	-11.093	379.166
1375	2.74800	NaN	NaN	NaN	241.334	-11.076	379.079
1376	2.75000	NaN	NaN	NaN	241.371	-11.080	379.197
1377	2.75200	NaN	NaN	NaN	241.364	-11.098	379.181
1378	2.75400	NaN	NaN	NaN	241.331	-11.103	379.103
1379	2.75600	NaN	NaN	NaN	241.329	-11.093	379.127
1380	2.75800	NaN	NaN	NaN	241.329	-11.090	379.127
1381	2.76000	NaN	NaN	NaN	241.334	-11.081	379.079
1382	2.76200	NaN	NaN	NaN	241.306	-11.101	379.105
1383	2.76400	NaN	NaN	NaN	241.346	-11.099	379.198
1384	2.76600	NaN	NaN	NaN	241.347	-11.086	379.109
1385	2.76800	NaN	NaN	NaN	241.344	-11.092	379.134
1386	2.77000	NaN	NaN	NaN	241.363	-11.094	379.116
1387	2.77200	NaN	NaN	NaN	241.335	-11.116	379.142
1388	2.77400	NaN	NaN	NaN	241.331	-11.101	379.102
1389	2.77600	NaN	NaN	NaN	241.354	-11.108	379.125
1390	2.77800	NaN	NaN	NaN	241.363	-11.102	379.116
1391	2.78000	NaN	NaN	NaN	241.402	-11.112	379.210
1392	2.78200	NaN	NaN	NaN	241.347	-11.097	379.110
1393	2.78400	NaN	NaN	NaN	241.345	-11.113	379.133
1394	2.78600	NaN	NaN	NaN	241.369	-11.113	379.131
1395	2.78800	NaN	NaN	NaN	241.340	-11.087	379.094
1396	2.79000	NaN	NaN	NaN	241.356	-11.077	379.101
1397	2.79200	NaN	NaN	NaN	241.394	-11.105	379.131
1398	2.79400	NaN	NaN	NaN	241.372	-11.081	379.108
1399	2.79600	NaN	NaN	NaN	241.352	-11.098	379.062
1400	2.79800	NaN	NaN	NaN	241.423	-11.093	379.169
1401	2.80000	NaN	NaN	NaN	241.378	-11.092	379.124
1402	2.80200	NaN	NaN	NaN	241.375	-11.095	379.084
1403	2.80400	NaN	NaN	NaN	241.365	-11.101	379.093
1404	2.80600	NaN	NaN	NaN	241.367	-11.076	379.157
1405	2.80800	NaN	NaN	NaN	241.365	-11.075	379.093
1406	2.81000	NaN	NaN	NaN	241.372	-11.086	379.108
1407	2.81200	NaN	NaN	NaN	241.340	-11.098	379.094
1408	2.81400	NaN	NaN	NaN	241.369	-11.101	379.133
1409	2.81600	NaN	NaN	NaN	241.331	-11.100	379.103
1410	2.81800	NaN	NaN	NaN	241.338	-11.117	379.118
1411	2.82000	NaN	NaN	NaN	241.371	-11.125	379.196
1412	2.82200	NaN	NaN	NaN	241.354	-11.091	379.126
1413	2.82400	NaN	NaN	NaN	241.309	-11.100	379.080
1414	2.82600	NaN	NaN	NaN	241.349	-11.093	379.174
1415	2.82800	NaN	NaN	NaN	241.305	-11.104	379.193
1416	2.83000	NaN	NaN	NaN	241.362	-11.096	379.205
1417	2.83200	NaN	NaN	NaN	241.310	-11.097	379.145
1418	2.83400	NaN	NaN	NaN	241.329	-11.097	379.127
1419	2.83600	NaN	NaN	NaN	241.272	-11.087	379.115
1420	2.83800	NaN	NaN	NaN	241.317	-11.088	379.161
1421	2.84000	NaN	NaN	NaN	241.319	-11.092	379.136
1422	2.84200	NaN	NaN	NaN	241.323	-11.092	379.176
1423	2.84400	NaN	NaN	NaN	241.308	-11.097	379.170
1424	2.84600	NaN	NaN	NaN	241.317	-11.081	379.161
1425	2.84800	NaN	NaN	NaN	241.314	-11.085	379.186
1426	2.85000	NaN	NaN	NaN	241.310	-11.098	379.146
1427	2.85200	NaN	NaN	NaN	241.355	-11.081	379.190
1428	2.85400	NaN	NaN	NaN	241.339	-11.106	379.183
1429	2.85600	NaN	NaN	NaN	241.310	-11.102	379.145
1430	2.85800	NaN	NaN	NaN	241.313	-11.091	379.121
1431	2.86000	NaN	NaN	NaN	241.306	-11.096	379.104
1432	2.86200	NaN	NaN	NaN	241.333	-11.111	379.166
1433	2.86400	NaN	NaN	NaN	241.329	-11.108	379.127
1434	2.86600	NaN	NaN	NaN	241.329	-11.096	379.127
1435	2.86800	NaN	NaN	NaN	241.342	-11.106	379.158
1436	2.87000	NaN	NaN	NaN	241.354	-11.103	379.125
1437	2.87200	NaN	NaN	NaN	241.313	-11.090	379.120
1438	2.87400	NaN	NaN	NaN	241.344	-11.075	379.135
1439	2.87600	NaN	NaN	NaN	241.377	-11.083	379.213
1440	2.87800	NaN	NaN	NaN	241.369	-11.057	379.134
1441	2.88000	NaN	NaN	NaN	241.353	-11.058	379.126
1442	2.88200	NaN	NaN	NaN	241.353	-11.066	379.126
1443	2.88400	NaN	NaN	NaN	241.389	-11.061	379.181
1444	2.88600	NaN	NaN	NaN	241.403	-11.065	379.123
1445	2.88800	NaN	NaN	NaN	241.349	-11.061	379.087
1446	2.89000	NaN	NaN	NaN	241.419	-11.071	379.130
1447	2.89200	NaN	NaN	NaN	241.392	-11.033	379.068
1448	2.89400	NaN	NaN	NaN	241.365	-11.053	379.093
1449	2.89600	NaN	NaN	NaN	241.363	-11.042	379.029
1450	2.89800	NaN	NaN	NaN	241.387	-11.057	379.116
1451	2.90000	NaN	NaN	NaN	241.371	-11.052	379.109
1452	2.90200	NaN	NaN	NaN	241.357	-11.052	379.013
1453	2.90400	NaN	NaN	NaN	241.377	-11.059	379.060
1454	2.90600	NaN	NaN	NaN	241.374	-11.059	379.085
1455	2.90800	NaN	NaN	NaN	241.372	-11.063	379.108
1456	2.91000	NaN	NaN	NaN	241.381	-11.071	379.099
1457	2.91200	NaN	NaN	NaN	241.345	-11.076	379.046
1458	2.91400	NaN	NaN	NaN	241.403	-11.079	379.121
1459	2.91600	NaN	NaN	NaN	241.356	-11.079	379.101
1460	2.91800	NaN	NaN	NaN	241.366	-11.072	379.157
1461	2.92000	NaN	NaN	NaN	241.344	-11.076	379.135
1462	2.92200	NaN	NaN	NaN	241.338	-11.082	379.118
1463	2.92400	NaN	NaN	NaN	241.352	-11.101	379.214
1464	2.92600	NaN	NaN	NaN	241.321	-11.094	379.200
1465	2.92800	NaN	NaN	NaN	241.323	-11.099	379.177
1466	2.93000	NaN	NaN	NaN	241.319	-11.116	379.224
1467	2.93200	NaN	NaN	NaN	241.368	-11.091	379.221
1468	2.93400	NaN	NaN	NaN	241.322	-11.102	379.112
1469	2.93600	NaN	NaN	NaN	241.333	-11.099	379.167
1470	2.93800	NaN	NaN	NaN	241.314	-11.113	379.185
1471	2.94000	NaN	NaN	NaN	241.360	-11.107	379.140
1472	2.94200	NaN	NaN	NaN	241.337	-11.100	379.207
1473	2.94400	NaN	NaN	NaN	241.320	-11.113	379.136
1474	2.94600	NaN	NaN	NaN	241.358	-11.113	379.165
1475	2.94800	NaN	NaN	NaN	241.310	-11.113	379.144
1476	2.95000	NaN	NaN	NaN	241.351	-11.094	379.149
1477	2.95200	NaN	NaN	NaN	241.368	-11.106	379.221
1478	2.95400	NaN	NaN	NaN	241.333	-11.107	379.168
1479	2.95600	NaN	NaN	NaN	241.304	-11.100	379.129
1480	2.95800	NaN	NaN	NaN	241.306	-11.098	379.105
1481	2.96000	NaN	NaN	NaN	241.290	-11.091	379.098
1482	2.96200	NaN	NaN	NaN	241.335	-11.096	379.143
1483	2.96400	NaN	NaN	NaN	241.310	-11.116	379.145
1484	2.96600	NaN	NaN	NaN	241.310	-11.095	379.145
1485	2.96800	NaN	NaN	NaN	241.315	-11.084	379.096
1486	2.97000	NaN	NaN	NaN	241.333	-11.084	379.167
1487	2.97200	NaN	NaN	NaN	241.295	-11.078	379.139
1488	2.97400	NaN	NaN	NaN	241.364	-11.105	379.181
1489	2.97600	NaN	NaN	NaN	241.356	-11.078	379.102
1490	2.97800	NaN	NaN	NaN	241.306	-11.083	379.105
1491	2.98000	NaN	NaN	NaN	241.327	-11.096	379.063
1492	2.98200	NaN	NaN	NaN	241.340	-11.094	379.094
1493	2.98400	NaN	NaN	NaN	241.343	-11.091	379.069
1494	2.98600	NaN	NaN	NaN	241.360	-11.096	379.141
1495	2.98800	NaN	NaN	NaN	241.381	-11.090	379.100
1496	2.99000	NaN	NaN	NaN	241.381	-11.094	379.099
1497	2.99200	NaN	NaN	NaN	241.414	-11.096	379.177
1498	2.99400	NaN	NaN	NaN	241.364	-11.083	379.028
1499	2.99600	NaN	NaN	NaN	241.372	-11.086	379.108
1500	2.99800	NaN	NaN	NaN	241.363	-11.089	379.117
