1	0.00000	NaN	NaN	NaN	NaN	NaN	NaN
2	0.00200	NaN	NaN	NaN	NaN	NaN	NaN
3	0.00400	NaN	NaN	NaN	NaN	NaN	NaN
4	0.00600	NaN	NaN	NaN	NaN	NaN	NaN
5	0.00800	NaN	NaN	NaN	NaN	NaN	NaN
6	0.01000	NaN	NaN	NaN	NaN	NaN	NaN
7	0.01200	NaN	NaN	NaN	NaN	NaN	NaN
8	0.01400	NaN	NaN	NaN	NaN	NaN	NaN
9	0.01600	NaN	NaN	NaN	NaN	NaN	NaN
10	0.01800	NaN	NaN	NaN	NaN	NaN	NaN
11	0.02000	NaN	NaN	NaN	NaN	NaN	NaN
12	0.02200	NaN	NaN	NaN	NaN	NaN	NaN
13	0.02400	NaN	NaN	NaN	NaN	NaN	NaN
14	0.02600	NaN	NaN	NaN	NaN	NaN	NaN
15	0.02800	NaN	NaN	NaN	NaN	NaN	NaN
16	0.03000	NaN	NaN	NaN	NaN	NaN	NaN
17	0.03200	NaN	NaN	NaN	NaN	NaN	NaN
18	0.03400	NaN	NaN	NaN	NaN	NaN	NaN
19	0.03600	NaN	NaN	NaN	NaN	NaN	NaN
20	0.03800	NaN	NaN	NaN	NaN	NaN	NaN
21	0.04000	NaN	NaN	NaN	NaN	NaN	NaN
22	0.04200	NaN	NaN	NaN	NaN	NaN	NaN
23	0.04400	NaN	NaN	NaN	NaN	NaN	NaN
24	0.04600	NaN	NaN	NaN	611.112	-39.734	411.838
25	0.04800	NaN	NaN	NaN	610.389	-39.803	411.856
26	0.05000	NaN	NaN	NaN	609.679	-39.889	411.865
27	0.05200	NaN	NaN	NaN	608.946	-39.905	411.758
28	0.05400	NaN	NaN	NaN	608.218	-39.985	411.845
29	0.05600	NaN	NaN	NaN	607.540	-40.060	411.682
30	0.05800	NaN	NaN	NaN	606.778	-40.123	411.735
31	0.06000	NaN	NaN	NaN	606.053	-40.207	411.731
32	0.06200	NaN	NaN	NaN	605.345	-40.267	411.750
33	0.06400	NaN	NaN	NaN	604.576	-40.337	411.667
34	0.06600	NaN	NaN	NaN	603.902	-40.441	411.731
35	0.06800	NaN	NaN	NaN	603.157	-40.495	411.737
36	0.07000	NaN	NaN	NaN	602.413	-40.567	411.666
37	0.07200	NaN	NaN	NaN	601.690	-40.659	411.699
38	0.07400	NaN	NaN	NaN	600.963	-40.748	411.698
39	0.07600	NaN	NaN	NaN	600.251	-40.828	411.577
40	0.07800	NaN	NaN	NaN	599.514	-40.872	411.601
41	0.08000	NaN	NaN	NaN	598.784	-40.962	411.599
42	0.08200	NaN	NaN	NaN	598.066	-41.013	411.496
43	0.08400	NaN	NaN	NaN	597.348	-41.108	411.509
44	0.08600	NaN	NaN	NaN	596.588	-41.193	411.641
45	0.08800	NaN	NaN	NaN	595.827	-41.227	411.527
46	0.09000	NaN	NaN	NaN	595.147	-41.302	411.565
47	0.09200	NaN	NaN	NaN	594.376	-41.357	411.392
48	0.09400	NaN	NaN	NaN	593.646	-41.431	411.477
49	0.09600	NaN	NaN	NaN	592.943	-41.517	411.489
50	0.09800	NaN	NaN	NaN	592.192	-41.576	411.492
51	0.10000	NaN	NaN	NaN	591.439	-41.631	411.479
52	0.10200	NaN	NaN	NaN	590.701	-41.657	411.531
53	0.10400	NaN	NaN	NaN	589.987	-41.711	411.471
54	0.10600	NaN	NaN	NaN	589.217	-41.728	411.462
55	0.10800	NaN	NaN	NaN	588.544	-41.770	411.526
56	0.11000	NaN	NaN	NaN	587.802	-41.753	411.573
57	0.11200	NaN	NaN	NaN	587.065	-41.749	411.506
58	0.11400	NaN	NaN	NaN	586.360	-41.754	411.502
59	0.11600	NaN	NaN	NaN	585.616	-41.696	411.389
60	0.11800	NaN	NaN	NaN	584.876	-41.702	411.451
61	0.12000	NaN	NaN	NaN	584.142	-41.663	411.438
62	0.12200	NaN	NaN	NaN	583.402	-41.578	411.399
63	0.12400	NaN	NaN	NaN	582.682	-41.552	411.372
64	0.12600	NaN	NaN	NaN	581.949	-41.485	411.302
65	0.12800	NaN	NaN	NaN	581.210	-41.423	411.327
66	0.13000	NaN	NaN	NaN	580.519	-41.358	411.353
67	0.13200	NaN	NaN	NaN	579.709	-41.267	411.261
68	0.13400	NaN	NaN	NaN	579.008	-41.191	411.328
69	0.13600	NaN	NaN	NaN	578.331	-41.133	411.329
70	0.13800	NaN	NaN	NaN	577.542	-41.060	411.324
71	0.14000	NaN	NaN	NaN	576.830	-41.014	411.303
72	0.14200	NaN	NaN	NaN	576.083	-40.912	411.322
73	0.14400	NaN	NaN	NaN	575.384	-40.858	411.286
74	0.14600	NaN	NaN	NaN	574.663	-40.777	411.310
75	0.14800	NaN	NaN	NaN	573.911	-40.695	411.133
76	0.15000	NaN	NaN	NaN	573.171	-40.627	411.218
77	0.15200	NaN	NaN	NaN	572.420	-40.534	411.243
78	0.15400	NaN	NaN	NaN	571.717	-40.483	411.151
79	0.15600	NaN	NaN	NaN	570.992	-40.455	411.171
80	0.15800	NaN	NaN	NaN	570.276	-40.397	411.115
81	0.16000	NaN	NaN	NaN	569.517	-40.324	411.158
82	0.16200	NaN	NaN	NaN	568.808	-40.268	411.135
83	0.16400	NaN	NaN	NaN	568.068	-40.215	411.096
84	0.16600	NaN	NaN	NaN	567.335	-40.189	411.146
85	0.16800	NaN	NaN	NaN	566.583	-40.124	411.185
86	0.17000	NaN	NaN	NaN	565.874	-40.065	411.058
87	0.17200	NaN	NaN	NaN	565.113	-40.026	411.176
88	0.17400	NaN	NaN	NaN	564.384	-39.974	411.085
89	0.17600	NaN	NaN	NaN	563.636	-39.970	411.118
90	0.17800	NaN	NaN	NaN	562.890	-39.943	411.117
91	0.18000	NaN	NaN	NaN	562.156	-39.913	411.106
92	0.18200	NaN	NaN	NaN	561.392	-39.908	411.178
93	0.18400	NaN	NaN	NaN	560.669	-39.883	411.182
94	0.18600	NaN	NaN	NaN	559.913	-39.885	411.043
95	0.18800	NaN	NaN	NaN	559.178	-39.914	411.211
96	0.19000	NaN	NaN	NaN	558.404	-39.884	411.034
97	0.19200	NaN	NaN	NaN	557.697	-39.928	411.044
98	0.19400	NaN	NaN	NaN	557.001	-39.967	410.988
99	0.19600	NaN	NaN	NaN	556.219	-39.963	410.942
100	0.19800	NaN	NaN	NaN	555.494	-40.018	411.055
101	0.20000	NaN	NaN	NaN	554.793	-40.088	410.991
102	0.20200	NaN	NaN	NaN	554.002	-40.104	410.900
103	0.20400	NaN	NaN	NaN	553.279	-40.137	411.036
104	0.20600	NaN	NaN	NaN	552.552	-40.212	411.031
105	0.20800	NaN	NaN	NaN	551.807	-40.259	410.893
106	0.21000	NaN	NaN	NaN	551.085	-40.353	411.055
107	0.21200	NaN	NaN	NaN	550.333	-40.398	410.988
108	0.21400	NaN	NaN	NaN	549.594	-40.432	410.903
109	0.21600	NaN	NaN	NaN	548.865	-40.515	410.962
110	0.21800	NaN	NaN	NaN	548.133	-40.565	410.843
111	0.22000	NaN	NaN	NaN	547.363	-40.630	410.954
112	0.22200	NaN	NaN	NaN	546.700	-40.710	410.929
113	0.22400	NaN	NaN	NaN	545.918	-40.763	410.865
114	0.22600	NaN	NaN	NaN	545.209	-40.829	410.875
115	0.22800	NaN	NaN	NaN	544.482	-40.879	410.881
116	0.23000	NaN	NaN	NaN	543.752	-40.941	410.801
117	0.23200	NaN	NaN	NaN	543.001	-41.020	410.922
118	0.23400	NaN	NaN	NaN	542.251	-41.063	410.821
119	0.23600	NaN	NaN	NaN	541.577	-41.125	410.677
120	0.23800	NaN	NaN	NaN	540.783	-41.201	410.767
121	0.24000	NaN	NaN	NaN	540.084	-41.262	410.664
122	0.24200	NaN	NaN	NaN	539.341	-41.307	410.706
123	0.24400	NaN	NaN	NaN	538.587	-41.368	410.732
124	0.24600	NaN	NaN	NaN	537.838	-41.410	410.695
125	0.24800	NaN	NaN	NaN	537.144	-41.493	410.712
126	0.25000	NaN	NaN	NaN	536.384	-41.546	410.699
127	0.25200	NaN	NaN	NaN	535.654	-41.567	410.653
128	0.25400	NaN	NaN	NaN	534.894	-41.664	410.778
129	0.25600	NaN	NaN	NaN	534.193	-41.685	410.651
130	0.25800	NaN	NaN	NaN	533.437	-41.720	410.578
131	0.26000	NaN	NaN	NaN	532.705	-41.760	410.661
132	0.26200	NaN	NaN	NaN	531.912	-41.801	410.696
133	0.26400	NaN	NaN	NaN	531.214	-41.831	410.650
134	0.26600	NaN	NaN	NaN	530.452	-41.824	410.622
135	0.26800	NaN	NaN	NaN	529.672	-41.850	410.587
136	0.27000	NaN	NaN	NaN	528.957	-41.842	410.698
137	0.27200	NaN	NaN	NaN	528.181	-41.811	410.621
138	0.27400	NaN	NaN	NaN	527.443	-41.795	410.576
139	0.27600	NaN	NaN	NaN	526.708	-41.799	410.589
140	0.27800	NaN	NaN	NaN	525.973	-41.754	410.597
141	0.28000	NaN	NaN	NaN	525.204	-41.742	410.639
142	0.28200	NaN	NaN	NaN	524.470	-41.705	410.623
143	0.28400	NaN	NaN	NaN	523.714	-41.645	410.479
144	0.28600	NaN	NaN	NaN	523.027	-41.638	410.614
145	0.28800	NaN	NaN	NaN	522.257	-41.574	410.505
146	0.29000	NaN	NaN	NaN	521.502	-41.541	410.566
147	0.29200	NaN	NaN	NaN	520.759	-41.479	410.569
148	0.29400	NaN	NaN	NaN	520.023	-41.441	410.555
149	0.29600	NaN	NaN	NaN	519.271	-41.384	410.582
150	0.29800	NaN	NaN	NaN	518.534	-41.322	410.471
151	0.30000	NaN	NaN	NaN	517.781	-41.276	410.472
152	0.30200	NaN	NaN	NaN	517.040	-41.226	410.510
153	0.30400	NaN	NaN	NaN	516.311	-41.147	410.404
154	0.30600	NaN	NaN	NaN	515.577	-41.109	410.542
155	0.30800	NaN	NaN	NaN	514.844	-41.070	410.402
156	0.31000	NaN	NaN	NaN	514.087	-41.008	410.412
157	0.31200	NaN	NaN	NaN	513.400	-40.983	410.427
158	0.31400	NaN	NaN	NaN	512.595	-40.929	410.364
159	0.31600	NaN	NaN	NaN	511.908	-40.881	410.386
160	0.31800	NaN	NaN	NaN	511.148	-40.827	410.401
161	0.32000	NaN	NaN	NaN	510.400	-40.740	410.311
162	0.32200	NaN	NaN	NaN	509.665	-40.727	410.314
163	0.32400	NaN	NaN	NaN	508.928	-40.668	410.227
164	0.32600	NaN	NaN	NaN	508.223	-40.657	410.252
165	0.32800	NaN	NaN	NaN	507.430	-40.594	410.273
166	0.33000	NaN	NaN	NaN	506.712	-40.566	410.270
167	0.33200	NaN	NaN	NaN	506.003	-40.547	410.318
168	0.33400	NaN	NaN	NaN	505.263	-40.516	410.226
169	0.33600	NaN	NaN	NaN	504.487	-40.488	410.287
170	0.33800	NaN	NaN	NaN	503.747	-40.444	410.221
171	0.34000	NaN	NaN	NaN	503.004	-40.433	410.209
172	0.34200	NaN	NaN	NaN	502.252	-40.410	410.276
173	0.34400	NaN	NaN	NaN	501.494	-40.381	410.219
174	0.34600	NaN	NaN	NaN	500.739	-40.372	410.215
175	0.34800	NaN	NaN	NaN	499.993	-40.380	410.179
176	0.35000	NaN	NaN	NaN	499.236	-40.365	410.202
177	0.35200	NaN	NaN	NaN	498.487	-40.375	410.210
178	0.35400	NaN	NaN	NaN	497.750	-40.405	410.204
179	0.35600	NaN	NaN	NaN	496.989	-40.396	410.226
180	0.35800	NaN	NaN	NaN	496.230	-40.406	410.200
181	0.36000	NaN	NaN	NaN	495.483	-40.422	410.270
182	0.36200	NaN	NaN	NaN	494.734	-40.442	410.213
183	0.36400	NaN	NaN	NaN	493.998	-40.486	410.198
184	0.36600	NaN	NaN	NaN	493.279	-40.521	410.135
185	0.36800	NaN	NaN	NaN	492.510	-40.557	410.213
186	0.37000	NaN	NaN	NaN	491.750	-40.588	410.181
187	0.37200	NaN	NaN	NaN	490.988	-40.613	410.174
188	0.37400	NaN	NaN	NaN	490.259	-40.674	410.131
189	0.37600	NaN	NaN	NaN	489.505	-40.711	410.222
190	0.37800	NaN	NaN	NaN	488.722	-40.748	410.121
191	0.38000	NaN	NaN	NaN	487.989	-40.783	410.154
192	0.38200	NaN	NaN	NaN	487.213	-40.814	410.116
193	0.38400	NaN	NaN	NaN	486.508	-40.867	410.101
194	0.38600	NaN	NaN	NaN	485.746	-40.910	410.132
195	0.38800	NaN	NaN	NaN	485.016	-40.950	410.014
196	0.39000	NaN	NaN	NaN	484.283	-41.008	410.044
197	0.39200	NaN	NaN	NaN	483.533	-41.076	410.034
198	0.39400	NaN	NaN	NaN	482.789	-41.092	410.085
199	0.39600	NaN	NaN	NaN	482.048	-41.144	409.992
200	0.39800	NaN	NaN	NaN	481.289	-41.188	410.002
201	0.40000	NaN	NaN	NaN	480.558	-41.240	409.946
202	0.40200	NaN	NaN	NaN	479.820	-41.285	409.942
203	0.40400	NaN	NaN	NaN	479.074	-41.344	409.980
204	0.40600	NaN	NaN	NaN	478.311	-41.384	409.970
205	0.40800	NaN	NaN	NaN	477.600	-41.468	409.911
206	0.41000	NaN	NaN	NaN	476.866	-41.505	409.953
207	0.41200	NaN	NaN	NaN	476.126	-41.549	409.861
208	0.41400	NaN	NaN	NaN	475.367	-41.591	409.958
209	0.41600	NaN	NaN	NaN	474.601	-41.616	409.872
210	0.41800	NaN	NaN	NaN	473.891	-41.662	409.891
211	0.42000	NaN	NaN	NaN	473.133	-41.703	409.860
212	0.42200	NaN	NaN	NaN	472.402	-41.739	409.877
213	0.42400	NaN	NaN	NaN	471.629	-41.787	409.853
214	0.42600	NaN	NaN	NaN	470.918	-41.824	409.856
215	0.42800	NaN	NaN	NaN	470.137	-41.844	409.805
216	0.43000	NaN	NaN	NaN	469.403	-41.864	409.743
217	0.43200	NaN	NaN	NaN	468.667	-41.878	409.795
218	0.43400	NaN	NaN	NaN	467.901	-41.900	409.758
219	0.43600	NaN	NaN	NaN	467.131	-41.908	409.771
220	0.43800	NaN	NaN	NaN	466.367	-41.926	409.777
221	0.44000	NaN	NaN	NaN	465.648	-41.913	409.763
222	0.44200	NaN	NaN	NaN	464.869	-41.917	409.784
223	0.44400	NaN	NaN	NaN	464.125	-41.924	409.800
224	0.44600	NaN	NaN	NaN	463.389	-41.945	409.743
225	0.44800	NaN	NaN	NaN	462.622	-41.904	409.776
226	0.45000	NaN	NaN	NaN	461.896	-41.915	409.738
227	0.45200	NaN	NaN	NaN	461.125	-41.901	409.759
228	0.45400	NaN	NaN	NaN	460.337	-41.877	409.756
229	0.45600	NaN	NaN	NaN	459.585	-41.833	409.754
230	0.45800	NaN	NaN	NaN	458.824	-41.808	409.755
231	0.46000	NaN	NaN	NaN	458.099	-41.773	409.691
232	0.46200	NaN	NaN	NaN	457.332	-41.738	409.700
233	0.46400	NaN	NaN	NaN	456.571	-41.713	409.703
234	0.46600	NaN	NaN	NaN	455.813	-41.670	409.731
235	0.46800	NaN	NaN	NaN	455.069	-41.608	409.733
236	0.47000	NaN	NaN	NaN	454.324	-41.559	409.711
237	0.47200	NaN	NaN	NaN	453.573	-41.532	409.709
238	0.47400	NaN	NaN	NaN	452.823	-41.482	409.711
239	0.47600	NaN	NaN	NaN	452.052	-41.441	409.662
240	0.47800	NaN	NaN	NaN	451.333	-41.405	409.748
241	0.48000	NaN	NaN	NaN	450.545	-41.352	409.633
242	0.48200	NaN	NaN	NaN	449.822	-41.343	409.708
243	0.48400	NaN	NaN	NaN	449.068	-41.285	409.614
244	0.48600	NaN	NaN	NaN	448.308	-41.254	409.621
245	0.48800	NaN	NaN	NaN	447.597	-41.241	409.650
246	0.49000	NaN	NaN	NaN	446.774	-41.196	409.600
247	0.49200	NaN	NaN	NaN	446.046	-41.151	409.609
248	0.49400	NaN	NaN	NaN	445.319	-41.125	409.570
249	0.49600	NaN	NaN	NaN	444.548	-41.103	409.563
250	0.49800	NaN	NaN	NaN	443.828	-41.061	409.566
251	0.50000	NaN	NaN	NaN	443.059	-41.048	409.576
252	0.50200	NaN	NaN	NaN	442.303	-41.023	409.536
253	0.50400	NaN	NaN	NaN	441.552	-40.980	409.522
254	0.50600	NaN	NaN	NaN	440.789	-40.960	409.506
255	0.50800	NaN	NaN	NaN	440.021	-40.931	409.500
256	0.51000	NaN	NaN	NaN	439.264	-40.911	409.546
257	0.51200	NaN	NaN	NaN	438.509	-40.892	409.483
258	0.51400	NaN	NaN	NaN	437.763	-40.881	409.456
259	0.51600	NaN	NaN	NaN	437.036	-40.854	409.505
260	0.51800	NaN	NaN	NaN	436.291	-40.826	409.460
261	0.52000	NaN	NaN	NaN	435.506	-40.851	409.490
262	0.52200	NaN	NaN	NaN	434.772	-40.843	409.431
263	0.52400	NaN	NaN	NaN	434.020	-40.833	409.472
264	0.52600	NaN	NaN	NaN	433.272	-40.843	409.440
265	0.52800	NaN	NaN	NaN	432.512	-40.827	409.448
266	0.53000	NaN	NaN	NaN	431.752	-40.862	409.456
267	0.53200	NaN	NaN	NaN	430.999	-40.865	409.361
268	0.53400	NaN	NaN	NaN	430.233	-40.870	409.388
269	0.53600	NaN	NaN	NaN	429.515	-40.896	409.393
270	0.53800	NaN	NaN	NaN	428.695	-40.900	409.372
271	0.54000	NaN	NaN	NaN	427.961	-40.935	409.385
272	0.54200	NaN	NaN	NaN	427.198	-40.950	409.321
273	0.54400	NaN	NaN	NaN	426.463	-41.008	409.368
274	0.54600	NaN	NaN	NaN	425.690	-41.015	409.378
275	0.54800	NaN	NaN	NaN	424.909	-41.042	409.280
276	0.55000	NaN	NaN	NaN	424.169	-41.091	409.337
277	0.55200	NaN	NaN	NaN	423.388	-41.105	409.415
278	0.55400	NaN	NaN	NaN	422.661	-41.160	409.331
279	0.55600	NaN	NaN	NaN	421.926	-41.219	409.381
280	0.55800	NaN	NaN	NaN	421.153	-41.251	409.317
281	0.56000	NaN	NaN	NaN	420.401	-41.299	409.340
282	0.56200	NaN	NaN	NaN	419.626	-41.325	409.304
283	0.56400	NaN	NaN	NaN	418.871	-41.383	409.262
284	0.56600	NaN	NaN	NaN	418.129	-41.448	409.340
285	0.56800	NaN	NaN	NaN	417.379	-41.463	409.289
286	0.57000	NaN	NaN	NaN	416.621	-41.498	409.279
287	0.57200	-372.258	-45.137	406.035	415.875	-41.539	409.240
288	0.57400	-371.742	-45.135	406.006	415.147	-41.577	409.251
289	0.57600	-371.154	-45.147	406.033	414.403	-41.629	409.272
290	0.57800	-370.634	-45.146	405.972	413.635	-41.637	409.239
291	0.58000	-370.086	-45.165	406.004	412.880	-41.698	409.243
292	0.58200	-369.532	-45.120	405.985	412.118	-41.713	409.159
293	0.58400	-368.977	-45.128	406.017	411.370	-41.752	409.231
294	0.58600	-368.431	-45.136	405.986	410.631	-41.813	409.244
295	0.58800	-367.855	-45.136	406.040	409.852	-41.827	409.155
296	0.59000	-367.344	-45.105	406.025	409.115	-41.861	409.177
297	0.59200	-366.789	-45.122	406.003	408.347	-41.896	409.113
298	0.59400	-366.276	-45.112	406.011	407.607	-41.912	409.102
299	0.59600	-365.704	-45.128	405.965	406.818	-41.964	409.114
300	0.59800	-365.163	-45.131	405.979	406.098	-42.003	409.081
301	0.60000	-364.584	-45.142	406.022	405.350	-42.047	409.128
302	0.60200	-364.055	-45.130	405.994	404.567	-42.063	409.109
303	0.60400	-363.513	-45.149	405.919	403.852	-42.093	409.118
304	0.60600	-362.960	-45.121	405.935	403.081	-42.115	409.107
305	0.60800	-362.404	-45.101	405.994	402.286	-42.112	408.995
306	0.61000	-361.874	-45.099	405.911	401.552	-42.138	409.130
307	0.61200	-361.306	-45.093	405.936	400.762	-42.144	409.120
308	0.61400	-360.762	-45.082	405.953	400.017	-42.158	409.137
309	0.61600	-360.201	-45.076	405.945	399.237	-42.152	409.102
310	0.61800	-359.666	-45.042	405.975	398.470	-42.155	409.119
311	0.62000	-359.129	-45.063	405.958	397.679	-42.159	409.070
312	0.62200	-358.616	-45.032	405.991	396.936	-42.140	409.013
313	0.62400	-358.097	-44.978	406.004	396.179	-42.130	409.115
314	0.62600	-357.524	-45.007	406.049	395.416	-42.117	409.052
315	0.62800	-357.020	-44.987	406.039	394.708	-42.099	409.097
316	0.63000	-356.466	-44.971	405.979	393.867	-42.062	409.039
317	0.63200	-355.921	-44.950	406.054	393.127	-42.042	409.068
318	0.63400	-355.386	-44.942	406.018	392.397	-42.034	409.105
319	0.63600	-354.816	-44.916	406.067	391.613	-41.991	409.092
320	0.63800	-354.272	-44.922	406.075	390.855	-41.989	409.064
321	0.64000	-353.718	-44.923	406.004	390.095	-41.972	409.045
322	0.64200	-353.174	-44.884	406.047	389.331	-41.954	409.050
323	0.64400	-352.614	-44.907	405.953	388.539	-41.911	408.980
324	0.64600	-352.073	-44.901	405.973	387.794	-41.890	409.036
325	0.64800	-351.503	-44.869	405.926	387.042	-41.855	409.019
326	0.65000	-350.964	-44.842	405.926	386.289	-41.835	409.019
327	0.65200	-350.407	-44.828	406.001	385.543	-41.833	409.027
328	0.65400	-349.860	-44.830	405.943	384.752	-41.806	408.953
329	0.65600	-349.330	-44.790	406.034	383.988	-41.743	408.976
330	0.65800	-348.808	-44.811	405.923	383.209	-41.723	408.911
331	0.66000	-348.231	-44.800	405.997	382.509	-41.737	408.924
332	0.66200	-347.714	-44.746	405.947	381.737	-41.685	408.909
333	0.66400	-347.149	-44.727	405.991	380.960	-41.644	408.892
334	0.66600	-346.652	-44.695	405.976	380.225	-41.643	408.938
335	0.66800	-346.067	-44.699	405.938	379.469	-41.595	408.866
336	0.67000	-345.526	-44.679	405.995	378.735	-41.601	408.887
337	0.67200	-344.941	-44.689	405.924	377.956	-41.536	408.842
338	0.67400	-344.437	-44.656	405.886	377.222	-41.519	408.871
339	0.67600	-343.864	-44.632	405.929	376.463	-41.519	408.891
340	0.67800	-343.314	-44.624	405.853	375.713	-41.484	408.856
341	0.68000	-342.765	-44.602	405.900	375.001	-41.486	408.865
342	0.68200	-342.209	-44.616	405.800	374.232	-41.462	408.795
343	0.68400	-341.667	-44.604	405.902	373.469	-41.439	408.851
344	0.68600	-341.091	-44.623	405.789	372.687	-41.415	408.750
345	0.68800	-340.564	-44.584	405.817	371.952	-41.420	408.775
346	0.69000	-340.001	-44.608	405.772	371.129	-41.380	408.756
347	0.69200	-339.436	-44.588	405.851	370.421	-41.383	408.782
348	0.69400	-338.966	-44.534	405.875	369.596	-41.355	408.739
349	0.69600	-338.363	-44.560	405.848	368.875	-41.358	408.733
350	0.69800	-337.881	-44.534	405.881	368.121	-41.346	408.758
351	0.70000	-337.297	-44.555	405.880	367.335	-41.345	408.718
352	0.70200	-336.811	-44.519	405.891	366.567	-41.326	408.736
353	0.70400	-336.237	-44.526	405.936	365.812	-41.318	408.697
354	0.70600	-335.712	-44.495	405.899	365.031	-41.316	408.740
355	0.70800	-335.178	-44.490	405.982	364.284	-41.308	408.760
356	0.71000	-334.603	-44.491	405.873	363.523	-41.319	408.698
357	0.71200	-334.066	-44.490	405.933	362.767	-41.339	408.801
358	0.71400	-333.520	-44.459	405.884	361.959	-41.310	408.707
359	0.71600	-332.955	-44.459	405.932	361.228	-41.349	408.761
360	0.71800	-332.440	-44.449	405.930	360.435	-41.320	408.676
361	0.72000	-331.857	-44.471	405.909	359.684	-41.355	408.707
362	0.72200	-331.350	-44.422	405.931	358.949	-41.381	408.705
363	0.72400	-330.743	-44.492	405.884	358.144	-41.388	408.702
364	0.72600	-330.272	-44.441	405.888	357.369	-41.402	408.717
365	0.72800	-329.674	-44.472	405.911	356.600	-41.424	408.659
366	0.73000	-329.176	-44.446	405.901	355.844	-41.451	408.739
367	0.73200	-328.665	-44.447	405.955	355.074	-41.471	408.642
368	0.73400	-328.120	-44.462	405.896	354.298	-41.502	408.715
369	0.73600	-327.552	-44.461	406.011	353.548	-41.513	408.691
370	0.73800	-327.004	-44.481	405.929	352.802	-41.548	408.676
371	0.74000	-326.466	-44.472	405.993	352.029	-41.573	408.750
372	0.74200	-325.948	-44.452	405.960	351.266	-41.598	408.647
373	0.74400	-325.366	-44.491	405.975	350.505	-41.634	408.666
374	0.74600	-324.891	-44.461	405.958	349.739	-41.657	408.587
375	0.74800	-324.296	-44.478	405.906	348.960	-41.680	408.647
376	0.75000	-323.786	-44.439	405.919	348.201	-41.693	408.609
377	0.75200	-323.138	-44.477	405.918	347.459	-41.753	408.605
378	0.75400	-322.624	-44.446	405.943	346.723	-41.779	408.608
379	0.75600	-322.047	-44.492	405.893	345.938	-41.809	408.564
380	0.75800	-321.534	-44.477	405.862	345.198	-41.828	408.619
381	0.76000	-320.977	-44.483	405.849	344.442	-41.855	408.511
382	0.76200	-320.440	-44.493	405.837	343.679	-41.900	408.573
383	0.76400	-319.890	-44.469	405.893	342.923	-41.924	408.595
384	0.76600	-319.358	-44.501	405.826	342.180	-41.958	408.497
385	0.76800	-318.830	-44.498	405.861	341.390	-41.989	408.544
386	0.77000	-318.260	-44.510	405.803	340.602	-42.039	408.454
387	0.77200	-317.713	-44.508	405.903	339.858	-42.063	408.511
388	0.77400	-317.221	-44.508	405.797	339.109	-42.087	408.422
389	0.77600	-316.621	-44.524	405.815	338.327	-42.129	408.440
390	0.77800	-316.125	-44.508	405.832	337.596	-42.156	408.400
391	0.78000	-315.547	-44.540	405.819	336.803	-42.184	408.409
392	0.78200	-315.041	-44.526	405.846	336.035	-42.217	408.419
393	0.78400	-314.422	-44.596	405.840	335.279	-42.233	408.406
394	0.78600	-313.958	-44.575	405.815	334.563	-42.303	408.490
395	0.78800	-313.334	-44.632	405.798	333.778	-42.316	408.372
396	0.79000	-312.848	-44.584	405.785	333.023	-42.342	408.439
397	0.79200	-312.274	-44.604	405.785	332.239	-42.365	408.403
398	0.79400	-311.723	-44.623	405.709	331.459	-42.407	408.399
399	0.79600	-311.151	-44.631	405.776	330.701	-42.437	408.403
400	0.79800	-310.595	-44.669	405.744	329.914	-42.445	408.377
401	0.80000	-310.105	-44.668	405.785	329.196	-42.483	408.456
402	0.80200	-309.565	-44.687	405.722	328.402	-42.492	408.348
403	0.80400	-309.033	-44.661	405.816	327.641	-42.493	408.412
404	0.80600	-308.497	-44.710	405.742	326.862	-42.511	408.354
405	0.80800	-307.988	-44.687	405.794	326.064	-42.530	408.417
406	0.81000	-307.458	-44.679	405.812	325.321	-42.531	408.426
407	0.81200	-306.880	-44.715	405.824	324.534	-42.516	408.410
408	0.81400	-306.380	-44.699	405.844	323.798	-42.527	408.386
409	0.81600	-305.830	-44.765	405.802	323.019	-42.523	408.338
410	0.81800	-305.320	-44.724	405.823	322.260	-42.517	408.405
411	0.82000	-304.740	-44.726	405.860	321.465	-42.504	408.310
412	0.82200	-304.197	-44.750	405.865	320.722	-42.508	408.426
413	0.82400	-303.666	-44.749	405.850	319.944	-42.474	408.349
414	0.82600	-303.094	-44.761	405.844	319.188	-42.469	408.393
415	0.82800	-302.589	-44.752	405.844	318.404	-42.425	408.325
416	0.83000	-301.965	-44.783	405.788	317.696	-42.419	408.288
417	0.83200	-301.487	-44.746	405.824	316.877	-42.382	408.310
418	0.83400	-300.894	-44.805	405.782	316.116	-42.388	408.290
419	0.83600	-300.414	-44.777	405.762	315.336	-42.355	408.281
420	0.83800	-299.818	-44.790	405.777	314.553	-42.319	408.231
421	0.84000	-299.324	-44.779	405.733	313.811	-42.306	408.270
422	0.84200	-298.765	-44.776	405.829	313.051	-42.266	408.205
423	0.84400	-298.217	-44.782	405.771	312.327	-42.250	408.317
424	0.84600	-297.718	-44.734	405.840	311.514	-42.220	408.205
425	0.84800	-297.177	-44.779	405.760	310.763	-42.204	408.318
426	0.85000	-296.621	-44.739	405.837	309.966	-42.159	408.198
427	0.85200	-296.135	-44.726	405.784	309.229	-42.163	408.207
428	0.85400	-295.550	-44.731	405.813	308.453	-42.124	408.177
429	0.85600	-295.036	-44.721	405.792	307.675	-42.106	408.163
430	0.85800	-294.461	-44.750	405.777	306.891	-42.063	408.142
431	0.86000	-293.962	-44.704	405.793	306.140	-42.038	408.154
432	0.86200	-293.361	-44.723	405.777	305.388	-42.028	408.245
433	0.86400	-292.820	-44.707	405.744	304.590	-41.984	408.129
434	0.86600	-292.259	-44.704	405.744	303.858	-41.983	408.180
435	0.86800	-291.729	-44.677	405.735	303.101	-41.954	408.177
436	0.87000	-291.170	-44.673	405.735	302.359	-41.949	408.174
437	0.87200	-290.615	-44.674	405.680	301.569	-41.909	408.116
438	0.87400	-290.120	-44.630	405.663	300.795	-41.887	408.146
439	0.87600	-289.537	-44.607	405.718	300.007	-41.857	408.106
440	0.87800	-289.051	-44.564	405.758	299.255	-41.846	408.137
441	0.88000	-288.494	-44.590	405.747	298.477	-41.822	408.128
442	0.88200	-287.965	-44.570	405.739	297.719	-41.807	408.143
443	0.88400	-287.404	-44.561	405.773	296.947	-41.793	408.127
444	0.88600	-286.897	-44.536	405.724	296.192	-41.771	408.080
445	0.88800	-286.354	-44.498	405.827	295.432	-41.787	408.128
446	0.89000	-285.807	-44.540	405.728	294.632	-41.772	408.050
447	0.89200	-285.279	-44.481	405.822	293.887	-41.759	408.163
448	0.89400	-284.737	-44.489	405.726	293.081	-41.741	408.071
449	0.89600	-284.175	-44.480	405.762	292.333	-41.748	408.137
450	0.89800	-283.673	-44.453	405.702	291.571	-41.731	408.116
451	0.90000	-283.094	-44.441	405.716	290.790	-41.719	408.087
452	0.90200	-282.556	-44.423	405.720	290.002	-41.711	408.020
453	0.90400	-282.015	-44.407	405.626	289.284	-41.733	408.078
454	0.90600	-281.491	-44.380	405.699	288.487	-41.736	408.036
455	0.90800	-280.916	-44.392	405.635	287.731	-41.715	408.056
456	0.91000	-280.367	-44.362	405.719	286.946	-41.717	408.070
457	0.91200	-279.858	-44.357	405.637	286.171	-41.716	408.013
458	0.91400	-279.297	-44.351	405.697	285.452	-41.731	408.097
459	0.91600	-278.799	-44.316	405.673	284.658	-41.718	407.954
460	0.91800	-278.213	-44.313	405.699	283.870	-41.742	408.048
461	0.92000	-277.743	-44.278	405.732	283.089	-41.738	407.977
462	0.92200	-277.153	-44.310	405.747	282.356	-41.745	408.055
463	0.92400	-276.653	-44.298	405.733	281.587	-41.762	408.031
464	0.92600	-276.110	-44.285	405.773	280.816	-41.801	407.999
465	0.92800	-275.574	-44.277	405.704	280.046	-41.817	407.976
466	0.93000	-275.033	-44.260	405.723	279.262	-41.828	408.010
467	0.93200	-274.499	-44.232	405.676	278.516	-41.886	407.993
468	0.93400	-273.956	-44.205	405.707	277.709	-41.884	407.902
469	0.93600	-273.384	-44.249	405.624	276.987	-41.904	407.991
470	0.93800	-272.852	-44.188	405.645	276.190	-41.914	407.907
471	0.94000	-272.326	-44.179	405.655	275.464	-41.939	407.933
472	0.94200	-271.778	-44.172	405.620	274.684	-41.987	407.865
473	0.94400	-271.204	-44.201	405.593	273.916	-42.014	407.924
474	0.94600	-270.695	-44.185	405.526	273.128	-42.029	407.898
475	0.94800	-270.114	-44.157	405.601	272.395	-42.081	407.940
476	0.95000	-269.576	-44.168	405.567	271.616	-42.093	407.931
477	0.95200	-269.044	-44.159	405.644	270.835	-42.127	407.913
478	0.95400	-268.511	-44.168	405.598	270.078	-42.150	407.902
479	0.95600	-267.995	-44.149	405.699	269.288	-42.164	407.815
480	0.95800	-267.453	-44.175	405.675	268.536	-42.214	407.876
481	0.96000	-266.936	-44.172	405.654	267.753	-42.232	407.868
482	0.96200	-266.407	-44.175	405.687	266.951	-42.263	407.892
483	0.96400	-265.878	-44.182	405.644	266.182	-42.303	407.821
484	0.96600	-265.372	-44.171	405.690	265.439	-42.342	407.923
485	0.96800	-264.811	-44.173	405.701	264.680	-42.379	407.868
486	0.97000	-264.295	-44.181	405.703	263.907	-42.425	407.885
487	0.97200	-263.702	-44.178	405.702	263.105	-42.418	407.905
488	0.97400	-263.177	-44.180	405.670	262.332	-42.456	407.883
489	0.97600	-262.644	-44.203	405.638	261.565	-42.490	407.901
490	0.97800	-262.091	-44.205	405.662	260.807	-42.536	407.863
491	0.98000	-261.577	-44.194	405.632	260.057	-42.570	407.889
492	0.98200	-260.995	-44.225	405.621	259.246	-42.604	407.816
493	0.98400	-260.485	-44.211	405.646	258.448	-42.600	407.941
494	0.98600	-259.964	-44.206	405.650	257.665	-42.641	407.907
495	0.98800	-259.425	-44.208	405.674	256.897	-42.674	407.928
496	0.99000	-258.888	-44.243	405.677	256.142	-42.706	407.854
497	0.99200	-258.385	-44.227	405.638	255.372	-42.738	407.899
498	0.99400	-257.878	-44.254	405.686	254.595	-42.760	407.890
499	0.99600	-257.339	-44.264	405.656	253.838	-42.776	407.889
500	0.99800	-256.810	-44.247	405.728	253.052	-42.807	407.842
501	1.00000	-256.268	-44.271	405.709	252.260	-42.813	407.875
502	1.00200	-255.759	-44.238	405.704	251.502	-42.852	407.866
503	1.00400	-255.193	-44.270	405.674	250.727	-42.859	407.821
504	1.00600	-254.696	-44.271	405.658	249.979	-42.887	407.852
505	1.00800	-254.125	-44.294	405.650	249.198	-42.899	407.831
506	1.01000	-253.569	-44.302	405.644	248.427	-42.908	407.826
507	1.01200	-253.017	-44.297	405.660	247.675	-42.919	407.805
508	1.01400	-252.466	-44.314	405.566	246.908	-42.938	407.792
509	1.01600	-251.913	-44.284	405.595	246.141	-42.942	407.765
510	1.01800	-251.375	-44.313	405.534	245.388	-42.929	407.777
511	1.02000	-250.825	-44.344	405.550	244.608	-42.934	407.696
512	1.02200	-250.298	-44.325	405.513	243.823	-42.944	407.725
513	1.02400	-249.768	-44.323	405.532	243.062	-42.935	407.700
514	1.02600	-249.197	-44.372	405.504	242.278	-42.916	407.763
515	1.02800	-248.695	-44.356	405.568	241.549	-42.931	407.680
516	1.03000	-248.127	-44.388	405.541	240.774	-42.938	407.704
517	1.03200	-247.624	-44.397	405.539	240.002	-42.925	407.712
518	1.03400	-247.070	-44.365	405.591	239.196	-42.886	407.654
519	1.03600	-246.549	-44.398	405.533	238.443	-42.889	407.661
520	1.03800	-246.045	-44.395	405.564	237.654	-42.874	407.664
521	1.04000	-245.526	-44.422	405.551	236.889	-42.864	407.603
522	1.04200	-244.978	-44.388	405.593	236.121	-42.852	407.567
523	1.04400	-244.420	-44.425	405.535	235.369	-42.863	407.614
524	1.04600	-243.906	-44.432	405.589	234.571	-42.844	407.628
525	1.04800	-243.355	-44.474	405.531	233.817	-42.839	407.686
526	1.05000	-242.807	-44.438	405.530	233.002	-42.804	407.678
527	1.05200	-242.270	-44.442	405.518	232.249	-42.807	407.689
528	1.05400	-241.694	-44.473	405.527	231.480	-42.787	407.617
529	1.05600	-241.179	-44.447	405.494	230.724	-42.774	407.723
530	1.05800	-240.681	-44.447	405.417	229.931	-42.749	407.630
531	1.06000	-240.082	-44.458	405.548	229.164	-42.753	407.675
532	1.06200	-239.577	-44.469	405.482	228.370	-42.728	407.692
533	1.06400	-239.055	-44.460	405.516	227.591	-42.740	407.722
534	1.06600	-238.553	-44.462	405.551	226.787	-42.696	407.648
535	1.06800	-238.015	-44.463	405.518	226.009	-42.671	407.673
536	1.07000	-237.488	-44.470	405.563	225.282	-42.695	407.677
537	1.07200	-236.949	-44.465	405.576	224.488	-42.662	407.635
538	1.07400	-236.454	-44.427	405.600	223.706	-42.651	407.637
539	1.07600	-235.920	-44.454	405.579	222.902	-42.636	407.682
540	1.07800	-235.381	-44.437	405.626	222.116	-42.600	407.656
541	1.08000	-234.862	-44.452	405.584	221.347	-42.572	407.698
542	1.08200	-234.322	-44.433	405.586	220.570	-42.563	407.718
543	1.08400	-233.764	-44.447	405.588	219.831	-42.589	407.648
544	1.08600	-233.224	-44.449	405.601	219.037	-42.549	407.632
545	1.08800	-232.695	-44.427	405.594	218.251	-42.528	407.624
546	1.09000	-232.126	-44.453	405.552	217.441	-42.510	407.656
547	1.09200	-231.609	-44.440	405.534	216.720	-42.514	407.603
548	1.09400	-231.093	-44.424	405.538	215.928	-42.498	407.619
549	1.09600	-230.544	-44.403	405.531	215.163	-42.495	407.586
550	1.09800	-229.993	-44.411	405.501	214.418	-42.487	407.646
551	1.10000	-229.453	-44.398	405.505	213.614	-42.450	407.619
552	1.10200	-228.950	-44.392	405.499	212.861	-42.446	407.641
553	1.10400	-228.392	-44.374	405.570	212.069	-42.444	407.588
554	1.10600	-227.893	-44.371	405.521	211.331	-42.447	407.618
555	1.10800	-227.334	-44.363	405.581	210.549	-42.429	407.543
556	1.11000	-226.825	-44.361	405.565	209.757	-42.413	407.563
557	1.11200	-226.296	-44.323	405.549	208.986	-42.407	407.495
558	1.11400	-225.788	-44.316	405.566	208.247	-42.402	407.573
559	1.11600	-225.214	-44.313	405.583	207.455	-42.394	407.548
560	1.11800	-224.670	-44.336	405.578	206.711	-42.401	407.517
561	1.12000	-224.147	-44.327	405.552	205.898	-42.367	407.456
562	1.12200	-223.585	-44.318	405.569	205.125	-42.368	407.476
563	1.12400	-223.086	-44.296	405.488	204.383	-42.400	407.477
564	1.12600	-222.536	-44.293	405.584	203.597	-42.371	407.501
565	1.12800	-222.013	-44.264	405.481	202.808	-42.356	407.478
566	1.13000	-221.461	-44.272	405.500	202.043	-42.375	407.505
567	1.13200	-220.935	-44.283	405.440	201.296	-42.389	407.454
568	1.13400	-220.403	-44.287	405.416	200.521	-42.388	407.501
569	1.13600	-219.858	-44.261	405.490	199.680	-42.385	407.476
570	1.13800	-219.336	-44.241	405.477	198.906	-42.378	407.438
571	1.14000	-218.817	-44.211	405.474	198.137	-42.380	407.500
572	1.14200	-218.314	-44.218	405.484	197.342	-42.378	407.457
573	1.14400	-217.775	-44.207	405.537	196.586	-42.387	407.441
574	1.14600	-217.267	-44.189	405.513	195.832	-42.412	407.416
575	1.14800	-216.728	-44.171	405.567	195.044	-42.413	407.475
576	1.15000	-216.217	-44.150	405.522	194.249	-42.418	407.409
577	1.15200	-215.667	-44.130	405.565	193.470	-42.407	407.445
578	1.15400	-215.141	-44.098	405.554	192.698	-42.431	407.502
579	1.15600	-214.594	-44.114	405.553	191.911	-42.409	407.485
580	1.15800	-214.058	-44.089	405.575	191.173	-42.420	407.455
581	1.16000	-213.562	-44.096	405.552	190.352	-42.419	407.480
582	1.16200	-213.021	-44.060	405.508	189.607	-42.448	407.536
583	1.16400	-212.468	-44.063	405.508	188.857	-42.445	407.501
584	1.16600	-211.950	-44.032	405.508	188.042	-42.448	407.457
585	1.16800	-211.400	-44.023	405.476	187.277	-42.490	407.437
586	1.17000	-210.867	-44.016	405.466	186.477	-42.493	407.424
587	1.17200	-210.306	-44.029	405.478	185.698	-42.505	407.432
588	1.17400	-209.796	-44.014	405.501	184.920	-42.510	407.463
589	1.17600	-209.266	-43.997	405.503	184.142	-42.508	407.434
590	1.17800	-208.800	-43.994	405.482	183.366	-42.537	407.410
591	1.18000	-208.241	-43.989	405.506	182.608	-42.561	407.417
592	1.18200	-207.720	-43.969	405.497	181.791	-42.576	407.415
593	1.18400	-207.203	-43.963	405.533	181.026	-42.558	407.426
594	1.18600	-206.637	-43.970	405.546	180.265	-42.596	407.386
595	1.18800	-206.127	-43.969	405.582	179.478	-42.618	407.421
596	1.19000	-205.634	-43.937	405.596	178.711	-42.629	407.400
597	1.19200	-205.080	-43.943	405.577	177.935	-42.636	407.389
598	1.19400	-204.568	-43.933	405.570	177.164	-42.645	407.417
599	1.19600	-204.048	-43.931	405.529	176.367	-42.679	407.391
600	1.19800	-203.500	-43.915	405.533	175.597	-42.689	407.396
601	1.20000	-202.949	-43.934	405.514	174.823	-42.711	407.378
602	1.20200	-202.388	-43.925	405.519	174.031	-42.747	407.392
603	1.20400	-201.861	-43.927	405.468	173.294	-42.751	407.372
604	1.20600	-201.313	-43.928	405.462	172.519	-42.779	407.439
605	1.20800	-200.732	-43.914	405.467	171.740	-42.778	407.394
606	1.21000	-200.248	-43.894	405.417	170.976	-42.821	407.360
607	1.21200	-199.711	-43.883	405.455	170.168	-42.834	407.356
608	1.21400	-199.153	-43.916	405.417	169.400	-42.853	407.294
609	1.21600	-198.668	-43.900	405.455	168.611	-42.860	407.321
610	1.21800	-198.124	-43.913	405.450	167.821	-42.882	407.278
611	1.22000	-197.627	-43.916	405.456	167.050	-42.900	407.241
612	1.22200	-197.109	-43.917	405.441	166.275	-42.905	407.321
613	1.22400	-196.566	-43.917	405.469	165.490	-42.938	407.270
614	1.22600	-196.059	-43.907	405.498	164.713	-42.944	407.266
615	1.22800	-195.537	-43.924	405.494	163.939	-42.982	407.245
616	1.23000	-195.031	-43.904	405.467	163.164	-43.004	407.234
617	1.23200	-194.482	-43.937	405.508	162.370	-43.014	407.311
618	1.23400	-193.967	-43.913	405.494	161.591	-43.051	407.253
619	1.23600	-193.427	-43.948	405.480	160.808	-43.069	407.252
620	1.23800	-192.893	-43.928	405.510	160.054	-43.116	407.276
621	1.24000	-192.355	-43.960	405.452	159.238	-43.094	407.259
622	1.24200	-191.824	-43.946	405.482	158.442	-43.136	407.259
623	1.24400	-191.272	-43.955	405.425	157.665	-43.141	407.260
624	1.24600	-190.742	-43.957	405.445	156.895	-43.189	407.234
625	1.24800	-190.201	-43.971	405.421	156.131	-43.201	407.264
626	1.25000	-189.710	-43.990	405.386	155.325	-43.222	407.284
627	1.25200	-189.184	-43.993	405.451	154.541	-43.239	407.286
628	1.25400	-188.644	-44.023	405.472	153.766	-43.261	407.280
629	1.25600	-188.169	-44.003	405.503	153.009	-43.276	407.303
630	1.25800	-187.586	-44.022	405.493	152.186	-43.306	407.250
631	1.26000	-187.103	-44.028	405.525	151.439	-43.319	407.265
632	1.26200	-186.594	-44.040	405.513	150.669	-43.343	407.275
633	1.26400	-186.083	-44.042	405.513	149.882	-43.352	407.266
634	1.26600	-185.567	-44.070	405.513	149.082	-43.360	407.289
635	1.26800	-185.062	-44.063	405.501	148.296	-43.384	407.272
636	1.27000	-184.513	-44.065	405.547	147.545	-43.396	407.252
637	1.27200	-183.928	-44.084	405.538	146.722	-43.388	407.196
638	1.27400	-183.444	-44.065	405.538	145.943	-43.406	407.241
639	1.27600	-182.885	-44.115	405.473	145.165	-43.396	407.235
640	1.27800	-182.372	-44.101	405.485	144.371	-43.402	407.192
641	1.28000	-181.798	-44.121	405.488	143.634	-43.436	407.193
642	1.28200	-181.334	-44.119	405.455	142.840	-43.447	407.235
643	1.28400	-180.769	-44.140	405.403	142.052	-43.426	407.179
644	1.28600	-180.217	-44.131	405.428	141.265	-43.426	407.198
645	1.28800	-179.722	-44.163	405.363	140.458	-43.417	407.175
646	1.29000	-179.208	-44.180	405.376	139.702	-43.418	407.169
647	1.29200	-178.688	-44.161	405.401	138.934	-43.422	407.148
648	1.29400	-178.152	-44.172	405.438	138.148	-43.423	407.146
649	1.29600	-177.617	-44.161	405.464	137.389	-43.408	407.150
650	1.29800	-177.113	-44.162	405.433	136.552	-43.369	407.106
651	1.30000	-176.628	-44.134	405.458	135.768	-43.387	407.096
652	1.30200	-176.055	-44.183	405.452	134.991	-43.370	407.096
653	1.30400	-175.569	-44.176	405.489	134.220	-43.356	407.111
654	1.30600	-175.029	-44.190	405.449	133.447	-43.364	407.117
655	1.30800	-174.539	-44.180	405.464	132.699	-43.385	407.096
656	1.31000	-174.005	-44.175	405.424	131.878	-43.360	407.120
657	1.31200	-173.450	-44.185	405.485	131.087	-43.322	407.080
658	1.31400	-172.925	-44.189	405.469	130.291	-43.326	407.069
659	1.31600	-172.370	-44.197	405.486	129.546	-43.317	407.083
660	1.31800	-171.825	-44.173	405.470	128.754	-43.306	407.119
661	1.32000	-171.310	-44.199	405.409	127.955	-43.303	407.048
662	1.32200	-170.816	-44.194	405.392	127.192	-43.315	407.049
663	1.32400	-170.256	-44.229	405.388	126.389	-43.306	407.095
664	1.32600	-169.753	-44.188	405.405	125.568	-43.282	407.100
665	1.32800	-169.189	-44.205	405.368	124.818	-43.287	407.070
666	1.33000	-168.701	-44.179	405.440	124.033	-43.265	407.086
667	1.33200	-168.171	-44.182	405.447	123.251	-43.238	407.079
668	1.33400	-167.657	-44.177	405.454	122.486	-43.235	407.069
669	1.33600	-167.173	-44.147	405.471	121.694	-43.216	407.132
670	1.33800	-166.627	-44.165	405.491	120.899	-43.222	407.080
671	1.34000	-166.150	-44.128	405.541	120.100	-43.193	407.094
672	1.34200	-165.600	-44.164	405.484	119.322	-43.185	407.034
673	1.34400	-165.079	-44.143	405.536	118.529	-43.173	407.076
674	1.34600	-164.577	-44.130	405.477	117.733	-43.139	407.068
675	1.34800	-164.058	-44.099	405.474	116.953	-43.128	407.056
676	1.35000	-163.546	-44.100	405.482	116.152	-43.122	407.040
677	1.35200	-162.978	-44.100	405.493	115.354	-43.096	406.987
678	1.35400	-162.474	-44.064	405.512	114.605	-43.092	407.009
679	1.35600	-161.938	-44.067	405.422	113.791	-43.070	407.035
680	1.35800	-161.379	-44.068	405.445	113.005	-43.049	407.035
681	1.36000	-160.853	-44.062	405.377	112.238	-43.067	407.021
682	1.36200	-160.352	-44.044	405.430	111.457	-43.056	407.012
683	1.36400	-159.792	-44.046	405.319	110.677	-43.058	407.041
684	1.36600	-159.254	-44.032	405.375	109.865	-43.040	407.001
685	1.36800	-158.725	-44.034	405.386	109.103	-43.008	406.984
686	1.37000	-158.283	-44.005	405.405	108.317	-43.009	406.977
687	1.37200	-157.721	-43.986	405.417	107.544	-43.017	406.976
688	1.37400	-157.254	-43.982	405.393	106.749	-42.998	406.965
689	1.37600	-156.717	-43.973	405.405	105.940	-42.988	406.941
690	1.37800	-156.161	-43.979	405.429	105.168	-42.997	406.918
691	1.38000	-155.709	-43.933	405.448	104.386	-42.984	406.937
692	1.38200	-155.121	-43.931	405.419	103.619	-42.988	406.891
693	1.38400	-154.612	-43.923	405.419	102.835	-42.972	406.957
694	1.38600	-154.062	-43.940	405.400	102.024	-42.971	406.889
695	1.38800	-153.546	-43.932	405.368	101.264	-42.968	406.928
696	1.39000	-152.997	-43.919	405.326	100.473	-42.961	406.866
697	1.39200	-152.491	-43.910	405.328	99.705	-42.955	406.892
698	1.39400	-151.982	-43.895	405.329	98.905	-42.964	406.877
699	1.39600	-151.460	-43.875	405.298	98.076	-42.935	406.886
700	1.39800	-150.896	-43.868	405.280	97.299	-42.971	406.858
701	1.40000	-150.360	-43.855	405.317	96.515	-42.951	406.822
702	1.40200	-149.863	-43.847	405.330	95.761	-42.990	406.859
703	1.40400	-149.335	-43.839	405.289	94.937	-42.972	406.837
704	1.40600	-148.849	-43.797	405.357	94.170	-42.993	406.940
705	1.40800	-148.311	-43.839	405.318	93.352	-42.989	406.841
706	1.41000	-147.783	-43.807	405.355	92.593	-42.988	406.839
707	1.41200	-147.276	-43.819	405.370	91.779	-42.980	406.870
708	1.41400	-146.777	-43.812	405.384	91.025	-42.994	406.942
709	1.41600	-146.284	-43.777	405.487	90.198	-42.994	406.832
710	1.41800	-145.756	-43.780	405.414	89.429	-43.009	406.854
711	1.42000	-145.241	-43.776	405.542	88.615	-43.004	406.841
712	1.42200	-144.755	-43.787	405.401	87.863	-43.021	406.869
713	1.42400	-144.255	-43.795	405.494	87.033	-43.013	406.876
714	1.42600	-143.685	-43.793	405.447	86.230	-43.030	406.823
715	1.42800	-143.202	-43.780	405.439	85.440	-43.051	406.820
716	1.43000	-142.611	-43.791	405.449	84.618	-43.066	406.763
717	1.43200	-142.130	-43.765	405.408	83.841	-43.076	406.822
718	1.43400	-141.585	-43.769	405.405	82.995	-43.048	406.767
719	1.43600	-141.088	-43.765	405.376	82.264	-43.072	406.862
720	1.43800	-140.559	-43.731	405.372	81.482	-43.085	406.793
721	1.44000	-139.984	-43.755	405.394	80.674	-43.079	406.845
722	1.44200	-139.507	-43.701	405.375	79.893	-43.070	406.786
723	1.44400	-138.983	-43.712	405.350	79.092	-43.076	406.807
724	1.44600	-138.473	-43.715	405.390	78.286	-43.091	406.781
725	1.44800	-137.930	-43.744	405.356	77.519	-43.111	406.719
726	1.45000	-137.457	-43.725	405.428	76.736	-43.135	406.735
727	1.45200	-136.929	-43.722	405.392	75.926	-43.139	406.721
728	1.45400	-136.421	-43.711	405.422	75.156	-43.152	406.775
729	1.45600	-135.915	-43.700	405.362	74.350	-43.175	406.706
730	1.45800	-135.386	-43.706	405.406	73.612	-43.198	406.746
731	1.46000	-134.894	-43.710	405.424	72.767	-43.200	406.725
732	1.46200	-134.378	-43.705	405.355	71.994	-43.236	406.749
733	1.46400	-133.815	-43.713	405.468	71.191	-43.237	406.691
734	1.46600	-133.310	-43.708	405.343	70.436	-43.261	406.683
735	1.46800	-132.798	-43.681	405.385	69.620	-43.261	406.682
736	1.47000	-132.245	-43.725	405.332	68.816	-43.267	406.686
737	1.47200	-131.760	-43.688	405.339	68.015	-43.289	406.703
738	1.47400	-131.189	-43.698	405.331	67.208	-43.312	406.639
739	1.47600	-130.674	-43.700	405.330	66.467	-43.349	406.637
740	1.47800	-130.125	-43.719	405.343	65.646	-43.341	406.602
741	1.48000	-129.647	-43.714	405.296	64.848	-43.370	406.658
742	1.48200	-129.140	-43.704	405.306	64.086	-43.377	406.604
743	1.48400	-128.572	-43.746	405.333	63.314	-43.397	406.642
744	1.48600	-128.098	-43.747	405.287	62.482	-43.405	406.631
745	1.48800	-127.549	-43.766	405.368	61.695	-43.434	406.657
746	1.49000	-127.078	-43.740	405.343	60.881	-43.429	406.615
747	1.49200	-126.556	-43.763	405.323	60.117	-43.471	406.613
748	1.49400	-126.053	-43.729	405.400	59.331	-43.487	406.581
749	1.49600	-125.560	-43.734	405.400	58.524	-43.483	406.600
750	1.49800	-125.030	-43.753	405.392	57.738	-43.512	406.605
751	1.50000	-124.531	-43.741	405.371	56.903	-43.510	406.608
752	1.50200	-124.019	-43.747	405.395	56.131	-43.530	406.627
753	1.50400	-123.501	-43.758	405.386	55.322	-43.536	406.580
754	1.50600	-122.975	-43.785	405.357	54.568	-43.573	406.617
755	1.50800	-122.440	-43.777	405.405	53.725	-43.591	406.576
756	1.51000	-121.917	-43.776	405.331	52.947	-43.587	406.570
757	1.51200	-121.392	-43.755	405.378	52.149	-43.619	406.565
758	1.51400	-120.864	-43.815	405.329	51.337	-43.644	406.556
759	1.51600	-120.365	-43.806	405.353	50.514	-43.616	406.586
760	1.51800	-119.786	-43.822	405.317	49.700	-43.648	406.556
761	1.52000	-119.320	-43.788	405.350	48.972	-43.666	406.623
762	1.52200	-118.787	-43.825	405.312	48.168	-43.697	406.584
763	1.52400	-118.297	-43.799	405.381	47.364	-43.700	406.624
764	1.52600	-117.808	-43.831	405.328	46.532	-43.704	406.519
765	1.52800	-117.265	-43.836	405.380	45.802	-43.746	406.555
766	1.53000	-116.794	-43.816	405.359	44.960	-43.742	406.507
767	1.53200	-116.230	-43.837	405.424	44.170	-43.738	406.539
768	1.53400	-115.763	-43.819	405.381	43.383	-43.728	406.572
769	1.53600	-115.198	-43.846	405.380	42.570	-43.764	406.477
770	1.53800	-114.722	-43.844	405.450	41.835	-43.755	406.568
771	1.54000	-114.183	-43.812	405.378	41.018	-43.755	406.539
772	1.54200	-113.682	-43.837	405.451	40.244	-43.772	406.613
773	1.54400	-113.159	-43.830	405.358	39.451	-43.763	406.566
774	1.54600	-112.643	-43.822	405.387	38.678	-43.799	406.563
775	1.54800	-112.072	-43.825	405.353	37.855	-43.776	406.510
776	1.55000	-111.618	-43.826	405.355	37.049	-43.789	406.488
777	1.55200	-111.017	-43.871	405.371	36.277	-43.787	406.505
778	1.55400	-110.557	-43.830	405.283	35.463	-43.782	406.458
779	1.55600	-110.046	-43.848	405.258	34.733	-43.784	406.520
780	1.55800	-109.480	-43.841	405.303	33.857	-43.755	406.481
781	1.56000	-108.978	-43.827	405.310	33.119	-43.791	406.534
782	1.56200	-108.451	-43.851	405.309	32.329	-43.775	406.492
783	1.56400	-108.007	-43.806	405.332	31.501	-43.777	406.479
784	1.56600	-107.432	-43.831	405.324	30.734	-43.770	406.478
785	1.56800	-106.951	-43.823	405.397	29.887	-43.758	406.403
786	1.57000	-106.461	-43.814	405.370	29.129	-43.759	406.474
787	1.57200	-105.950	-43.811	405.402	28.311	-43.760	406.431
788	1.57400	-105.431	-43.807	405.322	27.567	-43.771	406.484
789	1.57600	-104.929	-43.804	405.387	26.708	-43.742	406.454
790	1.57800	-104.414	-43.822	405.363	25.908	-43.744	406.416
791	1.58000	-103.897	-43.826	405.363	25.133	-43.731	406.450
792	1.58200	-103.396	-43.801	405.315	24.314	-43.716	406.396
793	1.58400	-102.879	-43.813	405.292	23.530	-43.699	406.441
794	1.58600	-102.331	-43.813	405.329	22.750	-43.694	406.431
795	1.58800	-101.805	-43.824	405.296	21.936	-43.684	406.461
796	1.59000	-101.330	-43.805	405.292	21.159	-43.662	406.393
797	1.59200	-100.772	-43.810	405.251	20.346	-43.663	406.391
798	1.59400	-100.280	-43.812	405.284	19.545	-43.644	406.435
799	1.59600	-99.750	-43.800	405.263	18.765	-43.638	406.450
800	1.59800	-99.227	-43.796	405.287	17.994	-43.652	406.446
801	1.60000	-98.740	-43.780	405.228	17.176	-43.637	406.397
802	1.60200	-98.230	-43.766	405.363	16.394	-43.634	406.459
803	1.60400	-97.746	-43.765	405.294	15.565	-43.613	406.444
804	1.60600	-97.238	-43.775	405.330	14.754	-43.614	406.445
805	1.60800	-96.700	-43.778	405.356	13.959	-43.601	406.437
806	1.61000	-96.205	-43.761	405.356	13.155	-43.594	406.394
807	1.61200	-95.719	-43.733	405.433	12.351	-43.596	406.433
808	1.61400	-95.214	-43.739	405.322	11.555	-43.573	406.436
809	1.61600	-94.732	-43.724	405.400	10.784	-43.601	406.473
810	1.61800	-94.173	-43.723	405.429	9.956	-43.564	406.448
811	1.62000	-93.669	-43.710	405.352	9.172	-43.566	406.423
812	1.62200	-93.110	-43.708	405.382	8.360	-43.550	406.439
813	1.62400	-92.634	-43.708	405.348	7.536	-43.547	406.396
814	1.62600	-92.084	-43.689	405.354	6.796	-43.551	406.438
815	1.62800	-91.574	-43.695	405.347	5.965	-43.538	406.383
816	1.63000	-91.073	-43.672	405.281	5.179	-43.540	406.452
817	1.63200	-90.554	-43.673	405.308	4.331	-43.510	406.405
818	1.63400	-90.033	-43.656	405.302	3.566	-43.513	406.388
819	1.63600	-89.516	-43.647	405.250	2.782	-43.509	406.435
820	1.63800	-89.018	-43.641	405.309	1.953	-43.482	406.371
821	1.64000	-88.554	-43.613	405.263	1.173	-43.504	406.422
822	1.64200	-88.030	-43.590	405.325	0.372	-43.473	406.397
823	1.64400	-87.508	-43.610	405.320	-0.404	-43.477	406.392
824	1.64600	-87.055	-43.583	405.352	-1.226	-43.461	406.446
825	1.64800	-86.500	-43.575	405.351	-2.038	-43.449	406.399
826	1.65000	-86.017	-43.558	405.364	-2.809	-43.462	406.408
827	1.65200	-85.502	-43.534	405.392	-3.624	-43.470	406.376
828	1.65400	-84.958	-43.566	405.380	-4.426	-43.467	406.402
829	1.65600	-84.491	-43.515	405.346	-5.247	-43.439	406.400
830	1.65800	-84.004	-43.544	405.374	-6.053	-43.431	406.347
831	1.66000	-83.504	-43.516	405.356	-6.815	-43.447	406.371
832	1.66200	-82.945	-43.501	405.356	-7.671	-43.429	406.310
833	1.66400	-82.387	-43.522	405.380	-8.440	-43.438	406.367
834	1.66600	-81.910	-43.504	405.293	-9.242	-43.451	406.386
835	1.66800	-81.398	-43.509	405.312	-10.050	-43.447	406.358
836	1.67000	-80.852	-43.502	405.323	-10.810	-43.442	406.372
837	1.67200	-80.427	-43.473	405.298	-11.585	-43.431	406.361
838	1.67400	-79.916	-43.532	405.309	-12.307	-43.415	406.381
839	1.67600	-79.512	-43.545	405.285	-13.054	-43.383	406.351
840	1.67800	-79.210	-43.559	405.350	-13.682	-43.386	406.445
841	1.68000	-78.865	-43.616	405.344	-14.318	-43.318	406.431
842	1.68200	-78.621	-43.660	405.429	-14.840	-43.298	406.472
843	1.68400	-78.497	-43.674	405.465	-15.308	-43.279	406.546
844	1.68600	-78.487	-43.579	405.574	-15.724	-43.333	406.507
845	1.68800	-78.613	-43.528	405.761	-16.012	-43.444	406.481
846	1.69000	-78.780	-43.468	405.886	-16.142	-43.510	406.534
847	1.69200	-79.036	-43.419	405.970	-16.177	-43.521	406.563
848	1.69400	-79.389	-43.413	405.955	-16.116	-43.546	406.643
849	1.69600	-79.862	-43.430	405.996	-16.002	-43.590	406.743
850	1.69800	-80.282	-43.465	406.055	-15.821	-43.541	406.825
851	1.70000	-80.785	-43.503	406.027	-15.629	-43.547	406.844
852	1.70200	-81.296	-43.554	405.977	-15.423	-43.523	406.863
853	1.70400	-81.912	-43.590	406.005	-15.181	-43.437	406.838
854	1.70600	-82.536	-43.626	405.886	-14.844	-43.412	406.855
855	1.70800	-83.176	-43.640	405.844	-14.502	-43.388	406.782
856	1.71000	-83.844	-43.653	405.743	-14.160	-43.375	406.767
857	1.71200	-84.445	-43.684	405.650	-13.837	-43.367	406.658
858	1.71400	-85.124	-43.681	405.571	-13.465	-43.360	406.568
859	1.71600	-85.839	-43.624	405.384	-13.124	-43.394	406.420
860	1.71800	-86.490	-43.587	405.340	-12.783	-43.439	406.330
861	1.72000	-87.184	-43.541	405.236	-12.384	-43.487	406.294
862	1.72200	-87.905	-43.493	405.163	-12.048	-43.530	406.191
863	1.72400	-88.572	-43.461	405.153	-11.655	-43.581	406.178
864	1.72600	-89.319	-43.409	405.135	-11.279	-43.627	406.230
865	1.72800	-90.038	-43.361	405.153	-10.856	-43.690	406.269
866	1.73000	-90.785	-43.338	405.159	-10.495	-43.709	406.260
867	1.73200	-91.507	-43.325	405.202	-10.085	-43.731	406.248
868	1.73400	-92.274	-43.305	405.230	-9.652	-43.753	406.297
869	1.73600	-92.993	-43.306	405.219	-9.232	-43.788	406.288
870	1.73800	-93.746	-43.321	405.261	-8.862	-43.796	406.280
871	1.74000	-94.571	-43.271	405.284	-8.402	-43.837	406.358
872	1.74200	-95.284	-43.317	405.310	-8.007	-43.837	406.330
873	1.74400	-96.057	-43.333	405.239	-7.595	-43.848	406.274
874	1.74600	-96.822	-43.330	405.327	-7.140	-43.866	406.326
875	1.74800	-97.604	-43.344	405.313	-6.746	-43.862	406.345
876	1.75000	-98.303	-43.396	405.342	-6.303	-43.871	406.327
877	1.75200	-99.043	-43.400	405.422	-5.878	-43.872	406.397
878	1.75400	-99.820	-43.387	405.397	-5.476	-43.887	406.419
879	1.75600	-100.521	-43.426	405.393	-5.100	-43.900	406.403
880	1.75800	-101.287	-43.409	405.382	-4.657	-43.924	406.489
881	1.76000	-101.991	-43.436	405.411	-4.303	-43.923	406.502
882	1.76200	-102.715	-43.435	405.371	-3.913	-43.945	406.443
883	1.76400	-103.441	-43.445	405.388	-3.533	-43.965	406.463
884	1.76600	-104.126	-43.456	405.363	-3.124	-44.004	406.511
885	1.76800	-104.873	-43.438	405.311	-2.770	-44.009	406.434
886	1.77000	-105.615	-43.447	405.394	-2.389	-44.032	406.408
887	1.77200	-106.344	-43.412	405.310	-1.992	-44.077	406.398
888	1.77400	-107.052	-43.427	405.353	-1.614	-44.106	406.373
889	1.77600	-107.814	-43.388	405.356	-1.243	-44.107	406.367
890	1.77800	-108.541	-43.391	405.341	-0.885	-44.120	406.326
891	1.78000	-109.292	-43.394	405.370	-0.458	-44.136	406.411
892	1.78200	-110.122	-43.354	405.336	-0.071	-44.164	406.353
893	1.78400	-110.830	-43.350	405.413	0.283	-44.153	406.286
894	1.78600	-111.609	-43.346	405.351	0.702	-44.166	406.359
895	1.78800	-112.315	-43.342	405.452	1.123	-44.145	406.383
896	1.79000	-113.050	-43.335	405.428	1.507	-44.136	406.414
897	1.79200	-113.829	-43.380	405.403	1.957	-44.144	406.458
898	1.79400	-114.546	-43.364	405.481	2.391	-44.133	406.440
899	1.79600	-115.278	-43.388	405.393	2.790	-44.118	406.439
900	1.79800	-115.976	-43.418	405.487	3.198	-44.108	406.428
901	1.80000	-116.773	-43.408	405.471	3.619	-44.100	406.489
902	1.80200	-117.496	-43.440	405.418	3.982	-44.084	406.459
903	1.80400	-118.240	-43.452	405.375	4.388	-44.058	406.436
904	1.80600	-118.986	-43.474	405.376	4.830	-44.062	406.490
905	1.80800	-119.638	-43.511	405.330	5.220	-44.049	406.499
906	1.81000	-120.396	-43.531	405.365	5.625	-44.039	406.467
907	1.81200	-121.111	-43.564	405.348	6.011	-43.997	406.428
908	1.81400	-121.881	-43.591	405.328	6.439	-43.994	406.479
909	1.81600	-122.632	-43.601	405.342	6.819	-43.962	406.463
910	1.81800	-123.367	-43.635	405.280	7.167	-43.925	406.396
911	1.82000	-124.093	-43.649	405.309	7.577	-43.909	406.386
912	1.82200	-124.839	-43.668	405.336	7.951	-43.865	406.403
913	1.82400	-125.593	-43.688	405.240	8.382	-43.860	406.387
914	1.82600	-126.323	-43.727	405.304	8.715	-43.828	406.352
915	1.82800	-127.064	-43.734	405.333	9.123	-43.779	406.363
916	1.83000	-127.773	-43.753	405.319	9.570	-43.780	406.374
917	1.83200	-128.511	-43.775	405.361	9.920	-43.750	406.342
918	1.83400	-129.300	-43.766	405.365	10.294	-43.699	406.324
919	1.83600	-129.985	-43.813	405.355	10.721	-43.681	406.365
920	1.83800	-130.799	-43.779	405.335	11.082	-43.648	406.346
921	1.84000	-131.545	-43.785	405.332	11.484	-43.626	406.348
922	1.84200	-132.238	-43.826	405.334	11.882	-43.559	406.334
923	1.84400	-132.997	-43.835	405.388	12.324	-43.560	406.413
924	1.84600	-133.729	-43.846	405.409	12.709	-43.526	406.354
925	1.84800	-134.481	-43.875	405.308	13.077	-43.496	406.349
926	1.85000	-135.242	-43.871	405.329	13.505	-43.476	406.413
927	1.85200	-135.956	-43.914	405.287	13.948	-43.443	406.445
928	1.85400	-136.687	-43.923	405.333	14.302	-43.430	406.405
929	1.85600	-137.442	-43.942	405.378	14.685	-43.389	406.436
930	1.85800	-138.140	-43.976	405.282	15.135	-43.381	406.495
931	1.86000	-138.857	-43.999	405.397	15.550	-43.352	406.488
932	1.86200	-139.664	-43.974	405.395	15.912	-43.319	406.471
933	1.86400	-140.363	-44.064	405.335	16.289	-43.306	406.493
934	1.86600	-141.154	-44.084	405.335	16.689	-43.306	406.509
935	1.86800	-141.901	-44.082	405.405	17.083	-43.280	406.522
936	1.87000	-142.605	-44.128	405.379	17.450	-43.261	406.427
937	1.87200	-143.419	-44.118	405.401	17.849	-43.258	406.489
938	1.87400	-144.134	-44.146	405.419	18.242	-43.239	406.480
939	1.87600	-144.911	-44.152	405.344	18.580	-43.184	406.389
940	1.87800	-145.609	-44.139	405.463	18.940	-43.171	406.385
941	1.88000	-146.360	-44.151	405.446	19.337	-43.160	406.412
942	1.88200	-147.091	-44.177	405.398	19.729	-43.160	406.370
943	1.88400	-147.864	-44.172	405.436	20.090	-43.123	406.400
944	1.88600	-148.573	-44.192	405.412	20.482	-43.106	406.368
945	1.88800	-149.339	-44.192	405.441	20.903	-43.101	406.389
946	1.89000	-150.073	-44.191	405.416	21.308	-43.110	406.397
947	1.89200	-150.826	-44.207	405.357	21.670	-43.077	406.381
948	1.89400	-151.564	-44.195	405.410	22.054	-43.053	406.405
949	1.89600	-152.293	-44.213	405.454	22.490	-43.066	406.489
950	1.89800	-153.026	-44.188	405.375	22.858	-43.039	406.441
951	1.90000	-153.764	-44.192	405.419	23.258	-43.038	406.459
952	1.90200	-154.493	-44.214	405.419	23.713	-43.054	406.523
953	1.90400	-155.243	-44.205	405.396	24.060	-43.017	406.460
954	1.90600	-156.014	-44.185	405.428	24.466	-43.018	406.491
955	1.90800	-156.724	-44.202	405.431	24.917	-43.039	406.579
956	1.91000	-157.494	-44.173	405.419	25.270	-43.012	406.505
957	1.91200	-158.234	-44.164	405.432	25.667	-43.020	406.479
958	1.91400	-158.961	-44.148	405.434	26.038	-43.006	406.468
959	1.91600	-159.687	-44.166	405.415	26.440	-43.011	406.545
960	1.91800	-160.462	-44.135	405.460	26.850	-43.011	406.509
961	1.92000	-161.198	-44.149	405.431	27.179	-42.993	406.456
962	1.92200	-161.968	-44.144	405.411	27.615	-42.994	406.482
963	1.92400	-162.733	-44.126	405.459	27.976	-42.998	406.472
964	1.92600	-163.451	-44.146	405.387	28.364	-42.982	406.511
965	1.92800	-164.181	-44.114	405.447	28.759	-43.016	406.429
966	1.93000	-164.939	-44.103	405.463	29.149	-43.016	406.459
967	1.93200	-165.654	-44.114	405.415	29.533	-43.029	406.488
968	1.93400	-166.413	-44.121	405.465	29.880	-43.028	406.429
969	1.93600	-167.192	-44.063	405.403	30.228	-43.054	406.442
970	1.93800	-167.896	-44.077	405.367	30.645	-43.078	406.433
971	1.94000	-168.649	-44.056	405.430	31.038	-43.089	406.454
972	1.94200	-169.392	-44.040	405.482	31.387	-43.104	406.408
973	1.94400	-170.085	-44.062	405.448	31.840	-43.121	406.453
974	1.94600	-170.887	-44.029	405.443	32.224	-43.134	406.483
975	1.94800	-171.608	-44.023	405.442	32.586	-43.151	406.510
976	1.95000	-172.342	-44.020	405.496	32.981	-43.167	406.439
977	1.95200	-173.141	-43.986	405.448	33.380	-43.184	406.519
978	1.95400	-173.844	-43.994	405.482	33.811	-43.231	406.528
979	1.95600	-174.583	-43.994	405.427	34.187	-43.243	406.500
980	1.95800	-175.355	-43.955	405.482	34.612	-43.268	406.529
981	1.96000	-176.062	-43.961	405.439	35.002	-43.285	406.551
982	1.96200	-176.825	-43.947	405.450	35.346	-43.265	406.548
983	1.96400	-177.577	-43.922	405.474	35.757	-43.287	406.506
984	1.96600	-178.288	-43.952	405.465	36.180	-43.323	406.616
985	1.96800	-179.064	-43.917	405.478	36.520	-43.333	406.582
986	1.97000	-179.779	-43.931	405.460	36.922	-43.354	406.503
987	1.97200	-180.573	-43.918	405.395	37.319	-43.341	406.558
988	1.97400	-181.291	-43.909	405.488	37.702	-43.357	406.522
989	1.97600	-182.004	-43.915	405.493	38.070	-43.366	406.482
990	1.97800	-182.794	-43.895	405.430	38.441	-43.353	406.452
991	1.98000	-183.535	-43.869	405.446	38.872	-43.381	406.495
992	1.98200	-184.235	-43.879	405.463	39.261	-43.368	406.492
993	1.98400	-184.951	-43.876	405.459	39.575	-43.395	406.454
994	1.98600	-185.758	-43.838	405.474	39.966	-43.413	406.454
995	1.98800	-186.502	-43.851	405.404	40.342	-43.435	406.510
996	1.99000	-187.199	-43.854	405.489	40.726	-43.452	406.474
997	1.99200	-187.965	-43.840	405.485	41.095	-43.461	406.435
998	1.99400	-188.684	-43.869	405.449	41.474	-43.463	406.478
999	1.99600	-189.495	-43.834	405.423	41.903	-43.517	406.444
1000	1.99800	-190.180	-43.799	405.432	42.236	-43.521	406.444
1001	2.00000	-190.941	-43.833	405.419	42.651	-43.566	406.452
1002	2.00200	-191.721	-43.813	405.462	43.037	-43.572	406.486
1003	2.00400	-192.460	-43.820	405.461	43.434	-43.591	406.524
1004	2.00600	-193.199	-43.832	405.483	43.827	-43.613	406.457
1005	2.00800	-193.950	-43.827	405.527	44.182	-43.629	406.451
1006	2.01000	-194.682	-43.824	405.438	44.629	-43.656	406.523
1007	2.01200	-195.388	-43.824	405.517	45.020	-43.673	406.548
1008	2.01400	-196.183	-43.829	405.474	45.355	-43.669	406.571
1009	2.01600	-196.904	-43.823	405.464	45.833	-43.730	406.595
1010	2.01800	-197.686	-43.809	405.444	46.180	-43.725	406.609
1011	2.02000	-198.409	-43.823	405.446	46.517	-43.737	406.623
1012	2.02200	-199.145	-43.826	405.494	46.933	-43.763	406.574
1013	2.02400	-199.920	-43.833	405.519	47.305	-43.774	406.665
1014	2.02600	-200.631	-43.856	405.501	47.683	-43.765	406.628
1015	2.02800	-201.424	-43.847	405.516	48.042	-43.776	406.600
1016	2.03000	-202.189	-43.831	405.521	48.416	-43.768	406.632
1017	2.03200	-202.912	-43.866	405.537	48.820	-43.802	406.593
1018	2.03400	-203.694	-43.868	405.509	49.165	-43.796	406.608
1019	2.03600	-204.412	-43.878	405.559	49.523	-43.777	406.554
1020	2.03800	-205.187	-43.916	405.521	49.893	-43.786	406.517
1021	2.04000	-205.914	-43.921	405.517	50.273	-43.781	406.563
1022	2.04200	-206.652	-43.931	405.546	50.638	-43.780	406.536
1023	2.04400	-207.417	-43.937	405.498	50.997	-43.793	406.464
1024	2.04600	-208.159	-43.950	405.484	51.364	-43.780	406.529
1025	2.04800	-208.915	-43.961	405.492	51.781	-43.781	406.537
1026	2.05000	-209.627	-43.985	405.524	52.154	-43.760	406.534
1027	2.05200	-210.401	-43.996	405.510	52.534	-43.740	406.567
1028	2.05400	-211.118	-44.014	405.509	53.010	-43.766	406.659
1029	2.05600	-211.884	-44.039	405.541	53.370	-43.755	406.620
1030	2.05800	-212.631	-44.043	405.519	53.738	-43.761	406.630
1031	2.06000	-213.359	-44.071	405.507	54.147	-43.744	406.613
1032	2.06200	-214.108	-44.067	405.541	54.538	-43.736	406.673
1033	2.06400	-214.849	-44.077	405.553	54.935	-43.729	406.619
1034	2.06600	-215.601	-44.096	405.510	55.310	-43.701	406.640
1035	2.06800	-216.310	-44.128	405.556	55.670	-43.701	406.683
1036	2.07000	-217.074	-44.170	405.513	56.108	-43.698	406.674
1037	2.07200	-217.843	-44.170	405.482	56.460	-43.696	406.681
1038	2.07400	-218.590	-44.209	405.485	56.818	-43.690	406.665
1039	2.07600	-219.322	-44.209	405.499	57.243	-43.695	406.666
1040	2.07800	-220.061	-44.217	405.537	57.601	-43.666	406.660
1041	2.08000	-220.812	-44.269	405.474	57.944	-43.654	406.618
1042	2.08200	-221.572	-44.267	405.501	58.300	-43.636	406.543
1043	2.08400	-222.294	-44.286	405.516	58.726	-43.656	406.558
1044	2.08600	-223.059	-44.290	405.477	59.097	-43.657	406.547
1045	2.08800	-223.785	-44.314	405.494	59.419	-43.609	406.543
1046	2.09000	-224.547	-44.335	405.511	59.785	-43.585	406.528
1047	2.09200	-225.300	-44.340	405.507	60.216	-43.578	406.530
1048	2.09400	-226.045	-44.362	405.458	60.572	-43.554	406.548
1049	2.09600	-226.802	-44.373	405.455	60.948	-43.512	406.534
1050	2.09800	-227.506	-44.398	405.495	61.321	-43.507	406.523
1051	2.10000	-228.297	-44.401	405.470	61.675	-43.464	406.597
1052	2.10200	-229.016	-44.413	405.490	62.070	-43.414	406.633
1053	2.10400	-229.791	-44.423	405.533	62.427	-43.394	406.583
1054	2.10600	-230.566	-44.445	405.543	62.796	-43.376	406.628
1055	2.10800	-231.295	-44.458	405.575	63.210	-43.345	406.637
1056	2.11000	-232.032	-44.487	405.562	63.585	-43.328	406.719
1057	2.11200	-232.803	-44.473	405.574	63.970	-43.308	406.663
1058	2.11400	-233.568	-44.480	405.563	64.341	-43.279	406.627
1059	2.11600	-234.325	-44.473	405.575	64.713	-43.269	406.687
1060	2.11800	-235.057	-44.489	405.565	65.074	-43.247	406.742
1061	2.12000	-235.764	-44.517	405.565	65.461	-43.243	406.678
1062	2.12200	-236.574	-44.487	405.591	65.831	-43.238	406.760
1063	2.12400	-237.343	-44.522	405.527	66.219	-43.240	406.755
1064	2.12600	-238.055	-44.540	405.584	66.598	-43.232	406.701
1065	2.12800	-238.809	-44.514	405.566	66.934	-43.206	406.716
1066	2.13000	-239.546	-44.540	405.580	67.343	-43.222	406.775
1067	2.13200	-240.313	-44.523	405.618	67.730	-43.207	406.780
1068	2.13400	-241.044	-44.545	405.566	68.049	-43.166	406.779
1069	2.13600	-241.802	-44.553	405.572	68.468	-43.171	406.700
1070	2.13800	-242.537	-44.550	405.632	68.829	-43.150	406.734
1071	2.14000	-243.334	-44.528	405.595	69.175	-43.129	406.741
1072	2.14200	-244.040	-44.522	405.622	69.547	-43.131	406.710
1073	2.14400	-244.777	-44.532	405.629	69.907	-43.095	406.730
1074	2.14600	-245.552	-44.538	405.637	70.277	-43.103	406.699
1075	2.14800	-246.319	-44.529	405.623	70.680	-43.097	406.687
1076	2.15000	-247.036	-44.521	405.619	71.019	-43.079	406.739
1077	2.15200	-247.762	-44.544	405.583	71.403	-43.058	406.686
1078	2.15400	-248.523	-44.514	405.626	71.742	-43.036	406.657
1079	2.15600	-249.249	-44.519	405.601	72.150	-43.028	406.727
1080	2.15800	-250.034	-44.477	405.591	72.546	-43.006	406.665
1081	2.16000	-250.744	-44.492	405.611	72.911	-42.995	406.690
1082	2.16200	-251.524	-44.473	405.556	73.262	-42.962	406.698
1083	2.16400	-252.258	-44.466	405.645	73.732	-42.965	406.726
1084	2.16600	-253.020	-44.436	405.624	74.047	-42.944	406.739
1085	2.16800	-253.745	-44.450	405.547	74.446	-42.953	406.681
1086	2.17000	-254.499	-44.428	405.604	74.877	-42.921	406.743
1087	2.17200	-255.234	-44.433	405.550	75.232	-42.926	406.792
1088	2.17400	-255.975	-44.414	405.586	75.626	-42.924	406.744
1089	2.17600	-256.703	-44.410	405.621	75.977	-42.907	406.743
1090	2.17800	-257.459	-44.397	405.558	76.413	-42.923	406.777
1091	2.18000	-258.227	-44.366	405.574	76.791	-42.913	406.748
1092	2.18200	-258.943	-44.371	405.588	77.121	-42.898	406.789
1093	2.18400	-259.704	-44.345	405.593	77.518	-42.889	406.764
1094	2.18600	-260.453	-44.361	405.620	77.877	-42.929	406.772
1095	2.18800	-261.185	-44.358	405.636	78.190	-42.900	406.749
1096	2.19000	-262.013	-44.335	405.634	78.582	-42.934	406.729
1097	2.19200	-262.747	-44.326	405.617	78.920	-42.911	406.702
1098	2.19400	-263.449	-44.358	405.599	79.268	-42.937	406.706
1099	2.19600	-264.256	-44.316	405.653	79.640	-42.939	406.677
1100	2.19800	-265.014	-44.300	405.650	79.985	-42.932	406.700
1101	2.20000	-265.739	-44.325	405.646	80.351	-42.945	406.695
1102	2.20200	-266.511	-44.302	405.689	80.720	-42.967	406.681
1103	2.20400	-267.216	-44.321	405.640	81.073	-42.962	406.741
1104	2.20600	-267.971	-44.283	405.694	81.455	-43.001	406.685
1105	2.20800	-268.731	-44.307	405.670	81.828	-43.016	406.694
1106	2.21000	-269.494	-44.292	405.649	82.202	-43.023	406.749
1107	2.21200	-270.231	-44.311	405.691	82.591	-43.024	406.749
1108	2.21400	-270.970	-44.302	405.658	82.938	-43.035	406.740
1109	2.21600	-271.763	-44.280	405.727	83.327	-43.052	406.754
1110	2.21800	-272.512	-44.273	405.739	83.763	-43.083	406.804
1111	2.22000	-273.264	-44.291	405.685	84.067	-43.072	406.783
1112	2.22200	-274.023	-44.268	405.720	84.454	-43.070	406.829
1113	2.22400	-274.763	-44.284	405.721	84.827	-43.087	406.816
1114	2.22600	-275.523	-44.289	405.713	85.207	-43.111	406.899
1115	2.22800	-276.253	-44.282	405.760	85.586	-43.102	406.850
1116	2.23000	-276.982	-44.300	405.729	85.935	-43.104	406.888
1117	2.23200	-277.784	-44.252	405.769	86.323	-43.117	406.972
1118	2.23400	-278.492	-44.274	405.749	86.707	-43.131	406.950
1119	2.23600	-279.281	-44.262	405.701	87.064	-43.126	406.920
1120	2.23800	-280.037	-44.266	405.717	87.412	-43.162	406.857
1121	2.24000	-280.734	-44.294	405.729	87.814	-43.184	406.900
1122	2.24200	-281.537	-44.266	405.739	88.144	-43.193	406.888
1123	2.24400	-282.288	-44.284	405.734	88.490	-43.213	406.835
1124	2.24600	-283.009	-44.288	405.772	88.861	-43.214	406.809
1125	2.24800	-283.785	-44.275	405.781	89.215	-43.249	406.829
1126	2.25000	-284.530	-44.317	405.732	89.611	-43.253	406.845
1127	2.25200	-285.268	-44.288	405.773	89.940	-43.263	406.834
1128	2.25400	-286.029	-44.307	405.782	90.320	-43.282	406.836
1129	2.25600	-286.718	-44.318	405.732	90.659	-43.299	406.770
1130	2.25800	-287.488	-44.310	405.776	91.027	-43.318	406.805
1131	2.26000	-288.198	-44.356	405.727	91.412	-43.310	406.794
1132	2.26200	-289.010	-44.294	405.776	91.774	-43.352	406.759
1133	2.26400	-289.700	-44.332	405.737	92.148	-43.360	406.795
1134	2.26600	-290.483	-44.329	405.750	92.541	-43.385	406.825
1135	2.26800	-291.259	-44.342	405.741	92.868	-43.388	406.755
1136	2.27000	-291.982	-44.364	405.751	93.244	-43.397	406.767
1137	2.27200	-292.776	-44.357	405.743	93.654	-43.422	406.826
1138	2.27400	-293.551	-44.360	405.746	94.031	-43.423	406.862
1139	2.27600	-294.255	-44.391	405.755	94.424	-43.448	406.893
1140	2.27800	-295.024	-44.378	405.782	94.766	-43.434	406.883
1141	2.28000	-295.777	-44.407	405.740	95.164	-43.454	406.891
1142	2.28200	-296.523	-44.381	405.777	95.535	-43.478	406.858
1143	2.28400	-297.274	-44.424	405.746	95.867	-43.495	406.885
1144	2.28600	-298.000	-44.440	405.725	96.230	-43.500	406.825
1145	2.28800	-298.792	-44.431	405.788	96.628	-43.538	406.976
1146	2.29000	-299.494	-44.464	405.745	96.982	-43.536	406.972
1147	2.29200	-300.292	-44.469	405.754	97.345	-43.557	406.925
1148	2.29400	-300.999	-44.483	405.811	97.677	-43.545	406.903
1149	2.29600	-301.773	-44.493	405.764	98.064	-43.582	406.935
1150	2.29800	-302.566	-44.500	405.817	98.416	-43.588	406.907
1151	2.30000	-303.245	-44.545	405.829	98.729	-43.575	406.880
1152	2.30200	-304.062	-44.511	405.809	99.106	-43.586	406.848
1153	2.30400	-304.807	-44.528	405.817	99.465	-43.573	406.844
1154	2.30600	-305.520	-44.555	405.821	99.810	-43.595	406.900
1155	2.30800	-306.303	-44.527	405.889	100.181	-43.581	406.864
1156	2.31000	-307.057	-44.552	405.810	100.530	-43.568	406.893
1157	2.31200	-307.752	-44.582	405.859	100.875	-43.562	406.898
1158	2.31400	-308.529	-44.571	405.838	101.245	-43.547	406.886
1159	2.31600	-309.298	-44.616	405.771	101.597	-43.531	406.869
1160	2.31800	-310.022	-44.613	405.880	101.970	-43.523	406.893
1161	2.32000	-310.784	-44.643	405.791	102.364	-43.512	406.899
1162	2.32200	-311.553	-44.630	405.806	102.730	-43.476	406.966
1163	2.32400	-312.272	-44.658	405.825	103.083	-43.461	406.926
1164	2.32600	-313.031	-44.673	405.838	103.478	-43.488	406.914
1165	2.32800	-313.834	-44.671	405.867	103.806	-43.434	406.981
1166	2.33000	-314.520	-44.728	405.818	104.214	-43.452	406.983
1167	2.33200	-315.298	-44.713	405.857	104.573	-43.440	406.957
1168	2.33400	-316.050	-44.735	405.805	104.946	-43.440	406.936
1169	2.33600	-316.805	-44.744	405.819	105.357	-43.445	406.962
1170	2.33800	-317.568	-44.730	405.859	105.702	-43.438	406.992
1171	2.34000	-318.294	-44.773	405.760	106.030	-43.432	406.971
1172	2.34200	-319.041	-44.772	405.864	106.438	-43.435	406.960
1173	2.34400	-319.810	-44.813	405.826	106.762	-43.424	407.032
1174	2.34600	-320.571	-44.795	405.845	107.135	-43.426	406.988
1175	2.34800	-321.318	-44.805	405.872	107.497	-43.420	407.023
1176	2.35000	-322.066	-44.860	405.821	107.821	-43.381	407.022
1177	2.35200	-322.818	-44.841	405.874	108.173	-43.389	406.951
1178	2.35400	-323.585	-44.874	405.793	108.576	-43.374	406.996
1179	2.35600	-324.316	-44.860	405.889	108.916	-43.342	406.999
1180	2.35800	-325.063	-44.858	405.854	109.252	-43.326	406.956
1181	2.36000	-325.835	-44.877	405.842	109.616	-43.323	406.922
1182	2.36200	-326.548	-44.873	405.882	109.969	-43.298	406.954
1183	2.36400	-327.311	-44.901	405.803	110.333	-43.294	406.944
1184	2.36600	-328.086	-44.895	405.838	110.673	-43.278	406.961
1185	2.36800	-328.823	-44.895	405.914	111.064	-43.272	406.970
1186	2.37000	-329.580	-44.927	405.869	111.431	-43.225	406.956
1187	2.37200	-330.345	-44.903	405.905	111.747	-43.205	406.955
1188	2.37400	-331.070	-44.939	405.847	112.078	-43.183	407.005
1189	2.37600	-331.824	-44.920	405.937	112.468	-43.186	406.968
1190	2.37800	-332.602	-44.941	405.886	112.835	-43.139	406.954
1191	2.38000	-333.317	-44.960	405.917	113.196	-43.131	407.014
1192	2.38200	-334.124	-44.933	405.926	113.595	-43.131	406.991
1193	2.38400	-334.894	-44.974	405.874	113.888	-43.075	407.027
1194	2.38600	-335.643	-44.945	405.945	114.260	-43.061	406.995
1195	2.38800	-336.372	-44.955	405.936	114.658	-43.073	407.033
1196	2.39000	-337.140	-44.949	405.943	115.004	-43.045	407.051
1197	2.39200	-337.867	-44.957	406.001	115.381	-43.047	407.071
1198	2.39400	-338.604	-44.995	405.936	115.727	-43.033	407.103
1199	2.39600	-339.361	-44.968	405.966	116.090	-43.013	407.104
1200	2.39800	-340.123	-44.988	405.973	116.439	-43.017	407.104
1201	2.40000	-340.866	-44.976	405.957	116.798	-43.003	407.105
1202	2.40200	-341.659	-44.938	405.981	117.157	-43.004	407.120
1203	2.40400	-342.377	-44.957	405.951	117.542	-43.025	407.144
1204	2.40600	-343.139	-44.942	405.984	117.868	-43.011	407.089
1205	2.40800	-343.895	-44.935	405.938	118.241	-43.013	407.049
1206	2.41000	-344.668	-44.943	405.926	118.594	-42.989	407.059
1207	2.41200	-345.402	-44.903	406.013	118.947	-43.000	407.098
1208	2.41400	-346.115	-44.923	405.952	119.298	-42.994	406.993
1209	2.41600	-346.936	-44.888	405.949	119.640	-42.969	407.059
1210	2.41800	-347.617	-44.920	405.961	119.981	-42.976	407.046
1211	2.42000	-348.371	-44.906	405.963	120.351	-42.962	406.992
1212	2.42200	-349.172	-44.864	405.982	120.677	-42.938	407.007
1213	2.42400	-349.897	-44.880	405.946	121.031	-42.939	406.963
1214	2.42600	-350.647	-44.868	405.992	121.400	-42.923	406.956
1215	2.42800	-351.416	-44.879	405.929	121.728	-42.892	406.995
1216	2.43000	-352.214	-44.861	405.904	122.103	-42.877	407.025
1217	2.43200	-352.906	-44.867	405.933	122.485	-42.876	407.000
1218	2.43400	-353.631	-44.866	405.956	122.811	-42.867	407.029
1219	2.43600	-354.439	-44.838	405.956	123.185	-42.846	407.000
1220	2.43800	-355.146	-44.845	406.022	123.562	-42.848	407.021
1221	2.44000	-355.911	-44.824	405.984	123.922	-42.841	407.061
1222	2.44200	-356.666	-44.843	405.922	124.297	-42.836	407.045
1223	2.44400	-357.432	-44.800	405.953	124.637	-42.819	407.067
1224	2.44600	-358.187	-44.809	405.992	125.014	-42.836	407.102
1225	2.44800	-358.938	-44.805	405.944	125.368	-42.835	407.082
1226	2.45000	-359.660	-44.801	406.024	125.719	-42.831	407.108
1227	2.45200	-360.424	-44.796	405.977	126.098	-42.849	407.121
1228	2.45400	-361.183	-44.775	405.998	126.445	-42.845	407.087
1229	2.45600	-361.955	-44.775	406.030	126.802	-42.844	407.128
1230	2.45800	-362.711	-44.793	406.004	127.141	-42.835	407.126
1231	2.46000	-363.430	-44.775	406.044	127.483	-42.844	407.069
1232	2.46200	-364.209	-44.779	406.034	127.841	-42.858	407.124
1233	2.46400	-364.971	-44.766	406.035	128.223	-42.870	407.138
1234	2.46600	-365.712	-44.745	406.067	128.550	-42.871	407.099
1235	2.46800	-366.504	-44.754	406.026	128.882	-42.879	407.182
1236	2.47000	-367.231	-44.747	406.055	129.222	-42.901	407.162
1237	2.47200	-367.967	-44.712	406.089	129.558	-42.899	407.138
1238	2.47400	-368.737	-44.714	406.070	129.877	-42.910	407.123
1239	2.47600	-369.478	-44.733	406.047	130.245	-42.931	407.123
1240	2.47800	-370.256	-44.729	406.074	130.569	-42.914	407.117
1241	2.48000	-370.970	-44.722	406.105	130.924	-42.943	407.126
1242	2.48200	-371.736	-44.739	406.097	131.295	-42.943	407.113
1243	2.48400	NaN	NaN	NaN	131.617	-42.954	407.182
1244	2.48600	NaN	NaN	NaN	131.966	-42.943	407.149
1245	2.48800	NaN	NaN	NaN	132.290	-42.950	407.112
1246	2.49000	NaN	NaN	NaN	132.701	-42.969	407.160
1247	2.49200	NaN	NaN	NaN	133.082	-42.976	407.092
1248	2.49400	NaN	NaN	NaN	133.423	-42.989	407.143
1249	2.49600	NaN	NaN	NaN	133.754	-42.976	407.129
1250	2.49800	NaN	NaN	NaN	134.131	-42.977	407.154
1251	2.50000	NaN	NaN	NaN	134.464	-42.957	407.163
1252	2.50200	NaN	NaN	NaN	134.867	-42.982	407.152
1253	2.50400	NaN	NaN	NaN	135.237	-42.994	407.200
1254	2.50600	NaN	NaN	NaN	135.588	-43.005	407.243
1255	2.50800	NaN	NaN	NaN	135.955	-43.019	407.184
1256	2.51000	NaN	NaN	NaN	136.278	-43.002	407.180
1257	2.51200	NaN	NaN	NaN	136.673	-43.035	407.238
1258	2.51400	NaN	NaN	NaN	137.026	-43.057	407.189
1259	2.51600	NaN	NaN	NaN	137.372	-43.081	407.209
1260	2.51800	NaN	NaN	NaN	137.696	-43.081	407.196
1261	2.52000	NaN	NaN	NaN	138.084	-43.104	407.180
1262	2.52200	NaN	NaN	NaN	138.408	-43.102	407.190
1263	2.52400	NaN	NaN	NaN	138.754	-43.149	407.178
1264	2.52600	NaN	NaN	NaN	139.051	-43.135	407.132
1265	2.52800	NaN	NaN	NaN	139.432	-43.185	407.131
1266	2.53000	NaN	NaN	NaN	139.780	-43.187	407.161
1267	2.53200	NaN	NaN	NaN	140.096	-43.228	407.116
1268	2.53400	NaN	NaN	NaN	140.430	-43.239	407.132
1269	2.53600	NaN	NaN	NaN	140.777	-43.234	407.101
1270	2.53800	NaN	NaN	NaN	141.131	-43.239	407.146
1271	2.54000	NaN	NaN	NaN	141.500	-43.253	407.173
1272	2.54200	NaN	NaN	NaN	141.828	-43.261	407.175
1273	2.54400	NaN	NaN	NaN	142.161	-43.249	407.140
1274	2.54600	NaN	NaN	NaN	142.526	-43.253	407.153
1275	2.54800	NaN	NaN	NaN	142.851	-43.267	407.155
1276	2.55000	NaN	NaN	NaN	143.220	-43.266	407.168
1277	2.55200	NaN	NaN	NaN	143.587	-43.270	407.181
1278	2.55400	NaN	NaN	NaN	143.901	-43.262	407.225
1279	2.55600	NaN	NaN	NaN	144.262	-43.280	407.215
1280	2.55800	NaN	NaN	NaN	144.610	-43.282	407.247
1281	2.56000	NaN	NaN	NaN	144.965	-43.265	407.278
1282	2.56200	NaN	NaN	NaN	145.308	-43.303	407.277
1283	2.56400	NaN	NaN	NaN	145.670	-43.298	407.277
1284	2.56600	NaN	NaN	NaN	146.002	-43.315	407.294
1285	2.56800	NaN	NaN	NaN	146.335	-43.304	407.237
1286	2.57000	NaN	NaN	NaN	146.669	-43.352	407.259
1287	2.57200	NaN	NaN	NaN	147.003	-43.325	407.295
1288	2.57400	NaN	NaN	NaN	147.363	-43.349	407.263
1289	2.57600	NaN	NaN	NaN	147.707	-43.357	407.295
1290	2.57800	NaN	NaN	NaN	148.055	-43.354	407.243
1291	2.58000	NaN	NaN	NaN	148.392	-43.358	407.262
1292	2.58200	NaN	NaN	NaN	148.742	-43.354	407.294
1293	2.58400	NaN	NaN	NaN	149.077	-43.336	407.261
1294	2.58600	NaN	NaN	NaN	149.430	-43.334	407.247
1295	2.58800	NaN	NaN	NaN	149.764	-43.315	407.237
1296	2.59000	NaN	NaN	NaN	150.103	-43.299	407.242
1297	2.59200	NaN	NaN	NaN	150.474	-43.313	407.248
1298	2.59400	NaN	NaN	NaN	150.839	-43.264	407.267
1299	2.59600	NaN	NaN	NaN	151.181	-43.265	407.240
1300	2.59800	NaN	NaN	NaN	151.498	-43.214	407.281
1301	2.60000	NaN	NaN	NaN	151.878	-43.219	407.241
1302	2.60200	NaN	NaN	NaN	152.198	-43.208	407.217
1303	2.60400	NaN	NaN	NaN	152.551	-43.168	407.222
1304	2.60600	NaN	NaN	NaN	152.910	-43.154	407.209
1305	2.60800	NaN	NaN	NaN	153.257	-43.142	407.206
1306	2.61000	NaN	NaN	NaN	153.616	-43.143	407.207
1307	2.61200	NaN	NaN	NaN	153.961	-43.143	407.265
1308	2.61400	NaN	NaN	NaN	154.316	-43.143	407.229
1309	2.61600	NaN	NaN	NaN	154.670	-43.110	407.272
1310	2.61800	NaN	NaN	NaN	155.012	-43.118	407.222
1311	2.62000	NaN	NaN	NaN	155.353	-43.095	407.251
1312	2.62200	NaN	NaN	NaN	155.720	-43.100	407.245
1313	2.62400	NaN	NaN	NaN	156.061	-43.098	407.265
1314	2.62600	NaN	NaN	NaN	156.419	-43.083	407.276
1315	2.62800	NaN	NaN	NaN	156.758	-43.090	407.250
1316	2.63000	NaN	NaN	NaN	157.119	-43.084	407.276
1317	2.63200	NaN	NaN	NaN	157.453	-43.064	407.268
1318	2.63400	NaN	NaN	NaN	157.774	-43.075	407.321
1319	2.63600	NaN	NaN	NaN	158.118	-43.039	407.290
1320	2.63800	NaN	NaN	NaN	158.458	-43.031	407.250
1321	2.64000	NaN	NaN	NaN	158.794	-43.036	407.270
1322	2.64200	NaN	NaN	NaN	159.135	-43.019	407.277
1323	2.64400	NaN	NaN	NaN	159.453	-42.993	407.264
1324	2.64600	NaN	NaN	NaN	159.810	-42.986	407.230
1325	2.64800	NaN	NaN	NaN	160.129	-42.974	407.231
1326	2.65000	NaN	NaN	NaN	160.467	-42.941	407.247
1327	2.65200	NaN	NaN	NaN	160.797	-42.928	407.240
1328	2.65400	NaN	NaN	NaN	161.113	-42.907	407.227
1329	2.65600	NaN	NaN	NaN	161.456	-42.914	407.263
1330	2.65800	NaN	NaN	NaN	161.808	-42.897	407.238
1331	2.66000	NaN	NaN	NaN	162.140	-42.854	407.264
1332	2.66200	NaN	NaN	NaN	162.480	-42.838	407.272
1333	2.66400	NaN	NaN	NaN	162.829	-42.826	407.247
1334	2.66600	NaN	NaN	NaN	163.163	-42.815	407.278
1335	2.66800	NaN	NaN	NaN	163.511	-42.817	407.291
1336	2.67000	NaN	NaN	NaN	163.853	-42.793	407.323
1337	2.67200	NaN	NaN	NaN	164.224	-42.800	407.356
1338	2.67400	NaN	NaN	NaN	164.549	-42.776	407.359
1339	2.67600	NaN	NaN	NaN	164.880	-42.778	407.367
1340	2.67800	NaN	NaN	NaN	165.257	-42.781	407.354
1341	2.68000	NaN	NaN	NaN	165.601	-42.766	407.400
1342	2.68200	NaN	NaN	NaN	165.943	-42.775	407.329
1343	2.68400	NaN	NaN	NaN	166.273	-42.790	407.375
1344	2.68600	NaN	NaN	NaN	166.638	-42.779	407.381
1345	2.68800	NaN	NaN	NaN	166.969	-42.766	407.351
1346	2.69000	NaN	NaN	NaN	167.312	-42.773	407.389
1347	2.69200	NaN	NaN	NaN	167.628	-42.768	407.392
1348	2.69400	NaN	NaN	NaN	167.993	-42.795	407.380
1349	2.69600	NaN	NaN	NaN	168.324	-42.782	407.351
1350	2.69800	NaN	NaN	NaN	168.652	-42.775	407.322
1351	2.70000	NaN	NaN	NaN	169.001	-42.785	407.398
1352	2.70200	NaN	NaN	NaN	169.339	-42.761	407.346
1353	2.70400	NaN	NaN	NaN	169.648	-42.752	407.335
1354	2.70600	NaN	NaN	NaN	170.012	-42.748	407.318
1355	2.70800	NaN	NaN	NaN	170.333	-42.752	407.313
1356	2.71000	NaN	NaN	NaN	170.659	-42.738	407.247
1357	2.71200	NaN	NaN	NaN	170.998	-42.721	407.256
1358	2.71400	NaN	NaN	NaN	171.331	-42.723	407.327
1359	2.71600	NaN	NaN	NaN	171.658	-42.700	407.308
1360	2.71800	NaN	NaN	NaN	171.997	-42.683	407.318
1361	2.72000	NaN	NaN	NaN	172.327	-42.684	407.328
1362	2.72200	NaN	NaN	NaN	172.661	-42.679	407.338
1363	2.72400	NaN	NaN	NaN	173.000	-42.671	407.301
1364	2.72600	NaN	NaN	NaN	173.343	-42.664	407.303
1365	2.72800	NaN	NaN	NaN	173.688	-42.664	407.365
1366	2.73000	NaN	NaN	NaN	174.036	-42.675	407.334
1367	2.73200	NaN	NaN	NaN	174.375	-42.673	407.359
1368	2.73400	NaN	NaN	NaN	174.741	-42.677	407.358
1369	2.73600	NaN	NaN	NaN	175.075	-42.673	407.369
1370	2.73800	NaN	NaN	NaN	175.412	-42.678	407.370
1371	2.74000	NaN	NaN	NaN	175.771	-42.708	407.407
1372	2.74200	NaN	NaN	NaN	176.128	-42.707	407.438
1373	2.74400	NaN	NaN	NaN	176.435	-42.682	407.438
1374	2.74600	NaN	NaN	NaN	176.795	-42.714	407.451
1375	2.74800	NaN	NaN	NaN	177.113	-42.709	407.433
1376	2.75000	NaN	NaN	NaN	177.468	-42.715	407.442
1377	2.75200	NaN	NaN	NaN	177.808	-42.751	407.449
1378	2.75400	NaN	NaN	NaN	178.115	-42.741	407.464
1379	2.75600	NaN	NaN	NaN	178.477	-42.774	407.455
1380	2.75800	NaN	NaN	NaN	178.818	-42.773	407.457
1381	2.76000	NaN	NaN	NaN	179.105	-42.761	407.404
1382	2.76200	NaN	NaN	NaN	179.471	-42.780	407.419
1383	2.76400	NaN	NaN	NaN	179.814	-42.796	407.413
1384	2.76600	NaN	NaN	NaN	180.128	-42.797	407.396
1385	2.76800	NaN	NaN	NaN	180.435	-42.779	407.349
1386	2.77000	NaN	NaN	NaN	180.781	-42.804	407.358
1387	2.77200	NaN	NaN	NaN	181.100	-42.792	407.364
1388	2.77400	NaN	NaN	NaN	181.439	-42.798	407.344
1389	2.77600	NaN	NaN	NaN	181.785	-42.799	407.386
1390	2.77800	NaN	NaN	NaN	182.099	-42.800	407.369
1391	2.78000	NaN	NaN	NaN	182.439	-42.799	407.372
1392	2.78200	NaN	NaN	NaN	182.797	-42.807	407.335
1393	2.78400	NaN	NaN	NaN	183.153	-42.806	407.368
1394	2.78600	NaN	NaN	NaN	183.492	-42.797	407.334
1395	2.78800	NaN	NaN	NaN	183.819	-42.796	407.394
1396	2.79000	NaN	NaN	NaN	184.203	-42.817	407.392
1397	2.79200	NaN	NaN	NaN	184.524	-42.821	407.391
1398	2.79400	NaN	NaN	NaN	184.849	-42.812	407.412
1399	2.79600	NaN	NaN	NaN	185.233	-42.849	407.426
1400	2.79800	NaN	NaN	NaN	185.535	-42.850	407.442
1401	2.80000	NaN	NaN	NaN	185.864	-42.844	407.393
1402	2.80200	NaN	NaN	NaN	186.243	-42.884	407.454
1403	2.80400	NaN	NaN	NaN	186.558	-42.893	407.476
1404	2.80600	NaN	NaN	NaN	186.866	-42.891	407.445
1405	2.80800	NaN	NaN	NaN	187.237	-42.935	407.468
1406	2.81000	NaN	NaN	NaN	187.526	-42.961	407.484
1407	2.81200	NaN	NaN	NaN	187.883	-42.968	407.471
1408	2.81400	NaN	NaN	NaN	188.197	-42.969	407.456
1409	2.81600	NaN	NaN	NaN	188.500	-42.964	407.473
1410	2.81800	NaN	NaN	NaN	188.850	-42.991	407.437
1411	2.82000	NaN	NaN	NaN	189.184	-43.016	407.457
1412	2.82200	NaN	NaN	NaN	189.512	-43.009	407.433
1413	2.82400	NaN	NaN	NaN	189.825	-43.017	407.480
1414	2.82600	NaN	NaN	NaN	190.147	-43.022	407.455
1415	2.82800	NaN	NaN	NaN	190.460	-42.999	407.473
1416	2.83000	NaN	NaN	NaN	190.818	-43.022	407.453
1417	2.83200	NaN	NaN	NaN	191.138	-43.004	407.462
1418	2.83400	NaN	NaN	NaN	191.440	-43.005	407.479
1419	2.83600	NaN	NaN	NaN	191.812	-43.012	407.497
1420	2.83800	NaN	NaN	NaN	192.118	-42.987	407.501
1421	2.84000	NaN	NaN	NaN	192.476	-43.017	407.542
1422	2.84200	NaN	NaN	NaN	192.778	-43.012	407.475
1423	2.84400	NaN	NaN	NaN	193.121	-42.982	407.514
1424	2.84600	NaN	NaN	NaN	193.483	-43.007	407.532
1425	2.84800	NaN	NaN	NaN	193.825	-43.007	407.515
1426	2.85000	NaN	NaN	NaN	194.148	-43.013	407.469
1427	2.85200	NaN	NaN	NaN	194.490	-43.004	407.499
1428	2.85400	NaN	NaN	NaN	194.815	-43.018	407.491
1429	2.85600	NaN	NaN	NaN	195.142	-43.002	407.516
1430	2.85800	NaN	NaN	NaN	195.504	-43.027	407.535
1431	2.86000	NaN	NaN	NaN	195.813	-43.026	407.483
1432	2.86200	NaN	NaN	NaN	196.149	-43.053	407.481
1433	2.86400	NaN	NaN	NaN	196.495	-43.024	407.474
1434	2.86600	NaN	NaN	NaN	196.799	-43.035	407.507
1435	2.86800	NaN	NaN	NaN	197.167	-43.033	407.512
1436	2.87000	NaN	NaN	NaN	197.462	-43.024	407.455
1437	2.87200	NaN	NaN	NaN	197.802	-43.007	407.533
1438	2.87400	NaN	NaN	NaN	198.161	-43.008	407.523
1439	2.87600	NaN	NaN	NaN	198.482	-43.005	407.549
1440	2.87800	NaN	NaN	NaN	198.776	-42.988	407.539
1441	2.88000	NaN	NaN	NaN	199.116	-42.973	407.423
1442	2.88200	NaN	NaN	NaN	199.422	-42.984	407.433
1443	2.88400	NaN	NaN	NaN	199.778	-42.969	407.433
1444	2.88600	NaN	NaN	NaN	200.131	-42.974	407.471
1445	2.88800	NaN	NaN	NaN	200.451	-42.955	407.482
1446	2.89000	NaN	NaN	NaN	200.739	-42.920	407.443
1447	2.89200	NaN	NaN	NaN	201.084	-42.914	407.428
1448	2.89400	NaN	NaN	NaN	201.384	-42.878	407.442
1449	2.89600	NaN	NaN	NaN	201.727	-42.870	407.451
1450	2.89800	NaN	NaN	NaN	202.097	-42.876	407.496
1451	2.90000	NaN	NaN	NaN	202.384	-42.826	407.442
1452	2.90200	NaN	NaN	NaN	202.724	-42.809	407.522
1453	2.90400	NaN	NaN	NaN	203.069	-42.811	407.460
1454	2.90600	NaN	NaN	NaN	203.396	-42.795	407.487
1455	2.90800	NaN	NaN	NaN	203.725	-42.773	407.514
1456	2.91000	NaN	NaN	NaN	204.047	-42.763	407.478
1457	2.91200	NaN	NaN	NaN	204.356	-42.753	407.560
1458	2.91400	NaN	NaN	NaN	204.721	-42.756	407.567
1459	2.91600	NaN	NaN	NaN	205.076	-42.770	407.621
1460	2.91800	NaN	NaN	NaN	205.389	-42.755	407.595
1461	2.92000	NaN	NaN	NaN	205.741	-42.738	407.558
1462	2.92200	NaN	NaN	NaN	206.044	-42.718	407.564
1463	2.92400	NaN	NaN	NaN	206.358	-42.711	407.577
1464	2.92600	NaN	NaN	NaN	206.720	-42.720	407.584
1465	2.92800	NaN	NaN	NaN	207.019	-42.692	407.576
1466	2.93000	NaN	NaN	NaN	207.372	-42.696	407.615
1467	2.93200	NaN	NaN	NaN	207.689	-42.698	407.643
1468	2.93400	NaN	NaN	NaN	208.022	-42.693	407.638
1469	2.93600	NaN	NaN	NaN	208.350	-42.664	407.628
1470	2.93800	NaN	NaN	NaN	208.684	-42.652	407.562
1471	2.94000	NaN	NaN	NaN	209.028	-42.646	407.548
1472	2.94200	NaN	NaN	NaN	209.323	-42.622	407.564
1473	2.94400	NaN	NaN	NaN	209.670	-42.609	407.552
1474	2.94600	NaN	NaN	NaN	209.997	-42.601	407.533
1475	2.94800	NaN	NaN	NaN	210.317	-42.567	407.531
1476	2.95000	NaN	NaN	NaN	210.654	-42.573	407.519
1477	2.95200	NaN	NaN	NaN	210.949	-42.533	407.520
1478	2.95400	NaN	NaN	NaN	211.278	-42.534	407.539
1479	2.95600	NaN	NaN	NaN	211.619	-42.533	407.613
1480	2.95800	NaN	NaN	NaN	211.924	-42.507	407.535
1481	2.96000	NaN	NaN	NaN	212.240	-42.471	407.495
1482	2.96200	NaN	NaN	NaN	212.576	-42.460	407.492
1483	2.96400	NaN	NaN	NaN	212.918	-42.445	407.528
1484	2.96600	NaN	NaN	NaN	213.267	-42.456	407.569
1485	2.96800	NaN	NaN	NaN	213.573	-42.438	407.529
1486	2.97000	NaN	NaN	NaN	213.873	-42.424	407.537
1487	2.97200	NaN	NaN	NaN	214.252	-42.434	407.553
1488	2.97400	NaN	NaN	NaN	214.601	-42.430	407.557
1489	2.97600	NaN	NaN	NaN	214.928	-42.444	407.615
1490	2.97800	NaN	NaN	NaN	215.254	-42.452	407.527
1491	2.98000	NaN	NaN	NaN	215.559	-42.433	407.598
1492	2.98200	NaN	NaN	NaN	215.907	-42.443	407.640
1493	2.98400	NaN	NaN	NaN	216.236	-42.451	407.613
1494	2.98600	NaN	NaN	NaN	216.569	-42.439	407.635
1495	2.98800	NaN	NaN	NaN	216.861	-42.451	407.596
1496	2.99000	NaN	NaN	NaN	217.203	-42.473	407.638
1497	2.99200	NaN	NaN	NaN	217.494	-42.470	407.671
1498	2.99400	NaN	NaN	NaN	217.824	-42.456	407.653
1499	2.99600	NaN	NaN	NaN	218.189	-42.468	407.703
1500	2.99800	NaN	NaN	NaN	218.469	-42.451	407.643
