1	0.00000	NaN	NaN	NaN	61.275	-43.705	406.602
2	0.00200	NaN	NaN	NaN	61.276	-43.681	406.635
3	0.00400	NaN	NaN	NaN	61.255	-43.686	406.631
4	0.00600	NaN	NaN	NaN	61.269	-43.678	406.622
5	0.00800	NaN	NaN	NaN	61.261	-43.675	406.608
6	0.01000	NaN	NaN	NaN	61.225	-43.671	406.623
7	0.01200	NaN	NaN	NaN	61.267	-43.677	406.644
8	0.01400	NaN	NaN	NaN	61.231	-43.659	406.623
9	0.01600	NaN	NaN	NaN	61.232	-43.663	406.554
10	0.01800	NaN	NaN	NaN	61.235	-43.656	406.577
11	0.02000	NaN	NaN	NaN	61.236	-43.657	406.554
12	0.02200	NaN	NaN	NaN	61.202	-43.646	406.592
13	0.02400	NaN	NaN	NaN	61.242	-43.660	406.568
14	0.02600	NaN	NaN	NaN	61.228	-43.653	406.564
15	0.02800	NaN	NaN	NaN	61.245	-43.654	406.568
16	0.03000	NaN	NaN	NaN	61.237	-43.650	406.577
17	0.03200	NaN	NaN	NaN	61.228	-43.630	406.573
18	0.03400	NaN	NaN	NaN	61.226	-43.638	406.550
19	0.03600	NaN	NaN	NaN	61.233	-43.639	406.587
20	0.03800	NaN	NaN	NaN	61.231	-43.647	406.564
21	0.04000	NaN	NaN	NaN	61.234	-43.641	406.564
22	0.04200	NaN	NaN	NaN	61.227	-43.638	406.550
23	0.04400	NaN	NaN	NaN	61.225	-43.620	406.583
24	0.04600	NaN	NaN	NaN	61.216	-43.638	406.583
25	0.04800	NaN	NaN	NaN	61.241	-43.628	406.587
26	0.05000	NaN	NaN	NaN	61.259	-43.645	406.581
27	0.05200	NaN	NaN	NaN	61.240	-43.613	406.574
28	0.05400	NaN	NaN	NaN	61.233	-43.625	406.574
29	0.05600	NaN	NaN	NaN	61.236	-43.617	406.597
30	0.05800	NaN	NaN	NaN	61.258	-43.641	406.650
31	0.06000	NaN	NaN	NaN	61.250	-43.625	406.601
32	0.06200	NaN	NaN	NaN	61.212	-43.629	406.569
33	0.06400	NaN	NaN	NaN	61.242	-43.621	406.587
34	0.06600	NaN	NaN	NaN	61.227	-43.622	406.560
35	0.06800	NaN	NaN	NaN	61.254	-43.619	406.601
36	0.07000	NaN	NaN	NaN	61.242	-43.607	406.574
37	0.07200	NaN	NaN	NaN	61.256	-43.614	406.578
38	0.07400	NaN	NaN	NaN	61.278	-43.609	406.582
39	0.07600	NaN	NaN	NaN	61.277	-43.608	406.605
40	0.07800	NaN	NaN	NaN	61.263	-43.602	406.578
41	0.08000	NaN	NaN	NaN	61.296	-43.608	406.632
42	0.08200	NaN	NaN	NaN	61.297	-43.586	406.641
43	0.08400	NaN	NaN	NaN	61.286	-43.574	406.615
44	0.08600	NaN	NaN	NaN	61.289	-43.569	406.592
45	0.08800	NaN	NaN	NaN	61.307	-43.570	406.596
46	0.09000	NaN	NaN	NaN	61.324	-43.570	406.623
47	0.09200	NaN	NaN	NaN	61.316	-43.567	406.609
48	0.09400	NaN	NaN	NaN	61.305	-43.554	406.605
49	0.09600	NaN	NaN	NaN	61.311	-43.542	406.605
50	0.09800	NaN	NaN	NaN	61.311	-43.558	406.596
51	0.10000	NaN	NaN	NaN	61.330	-43.561	406.577
52	0.10200	NaN	NaN	NaN	61.335	-43.547	406.600
53	0.10400	NaN	NaN	NaN	61.333	-43.556	406.554
54	0.10600	NaN	NaN	NaN	61.359	-43.538	406.581
55	0.10800	NaN	NaN	NaN	61.346	-43.532	406.554
56	0.11000	NaN	NaN	NaN	61.357	-43.531	406.545
57	0.11200	NaN	NaN	NaN	61.373	-43.530	406.572
58	0.11400	NaN	NaN	NaN	61.351	-43.520	406.554
59	0.11600	NaN	NaN	NaN	61.366	-43.527	406.558
60	0.11800	NaN	NaN	NaN	61.397	-43.534	406.589
61	0.12000	NaN	NaN	NaN	61.400	-43.513	406.576
62	0.12200	NaN	NaN	NaN	61.411	-43.527	406.580
63	0.12400	NaN	NaN	NaN	61.387	-43.523	406.563
64	0.12600	NaN	NaN	NaN	61.401	-43.506	406.599
65	0.12800	NaN	NaN	NaN	61.379	-43.497	406.559
66	0.13000	NaN	NaN	NaN	61.390	-43.494	406.572
67	0.13200	NaN	NaN	NaN	61.379	-43.497	406.559
68	0.13400	NaN	NaN	NaN	61.379	-43.482	406.545
69	0.13600	NaN	NaN	NaN	61.365	-43.490	406.555
70	0.13800	NaN	NaN	NaN	61.371	-43.478	406.555
71	0.14000	NaN	NaN	NaN	61.350	-43.481	406.574
72	0.14200	NaN	NaN	NaN	61.366	-43.465	406.610
73	0.14400	NaN	NaN	NaN	61.363	-43.457	406.574
74	0.14600	NaN	NaN	NaN	61.352	-43.459	406.583
75	0.14800	NaN	NaN	NaN	61.374	-43.454	406.587
76	0.15000	NaN	NaN	NaN	61.337	-43.449	406.625
77	0.15200	NaN	NaN	NaN	61.375	-43.454	406.587
78	0.15400	NaN	NaN	NaN	61.353	-43.444	406.570
79	0.15600	NaN	NaN	NaN	61.356	-43.452	406.606
80	0.15800	NaN	NaN	NaN	61.360	-43.447	406.583
81	0.16000	NaN	NaN	NaN	61.348	-43.432	406.602
82	0.16200	-371.622	-44.994	406.012	61.326	-43.424	406.562
83	0.16400	-370.904	-45.017	405.989	61.350	-43.426	406.602
84	0.16600	-370.188	-45.029	406.069	61.325	-43.421	406.608
85	0.16800	-369.537	-45.067	405.966	61.335	-43.419	406.598
86	0.17000	-368.814	-45.088	406.011	61.338	-43.412	406.621
87	0.17200	-368.099	-45.127	406.023	61.321	-43.412	406.595
88	0.17400	-367.420	-45.144	406.041	61.317	-43.418	406.594
89	0.17600	-366.738	-45.184	405.981	61.317	-43.401	406.604
90	0.17800	-365.987	-45.211	406.079	61.303	-43.387	406.623
91	0.18000	-365.322	-45.247	406.032	61.326	-43.382	406.627
92	0.18200	-364.621	-45.280	405.982	61.289	-43.405	406.564
93	0.18400	-363.881	-45.320	406.060	61.299	-43.402	406.577
94	0.18600	-363.189	-45.363	405.967	61.324	-43.407	406.572
95	0.18800	-362.452	-45.347	406.005	61.321	-43.397	406.581
96	0.19000	-361.723	-45.420	405.996	61.325	-43.422	406.585
97	0.19200	-361.027	-45.420	405.938	61.311	-43.415	406.581
98	0.19400	-360.327	-45.442	405.947	61.318	-43.406	406.535
99	0.19600	-359.585	-45.457	405.951	61.298	-43.394	406.541
100	0.19800	-358.908	-45.472	405.930	61.321	-43.412	406.595
101	0.20000	-358.185	-45.501	405.926	61.296	-43.394	406.541
102	0.20200	-357.468	-45.511	405.923	61.307	-43.392	406.531
103	0.20400	-356.816	-45.499	405.886	61.295	-43.393	406.564
104	0.20600	-356.106	-45.497	405.930	61.303	-43.374	406.564
105	0.20800	-355.381	-45.508	405.951	61.304	-43.389	406.577
106	0.21000	-354.732	-45.492	405.926	61.283	-43.366	406.523
107	0.21200	-353.987	-45.491	405.945	61.296	-43.371	406.550
108	0.21400	-353.262	-45.485	405.923	61.289	-43.369	406.537
109	0.21600	-352.569	-45.486	405.893	61.261	-43.369	406.542
110	0.21800	-351.833	-45.473	405.860	61.283	-43.379	406.560
111	0.22000	-351.148	-45.466	405.898	61.249	-43.354	406.561
112	0.22200	-350.400	-45.449	405.876	61.250	-43.372	406.529
113	0.22400	-349.736	-45.407	405.920	61.252	-43.386	406.565
114	0.22600	-349.029	-45.388	405.869	61.251	-43.399	406.601
115	0.22800	-348.307	-45.360	405.918	61.250	-43.369	406.575
116	0.23000	-347.569	-45.361	405.897	61.265	-43.401	406.546
117	0.23200	-346.923	-45.329	405.866	61.243	-43.405	406.542
118	0.23400	-346.219	-45.289	405.885	61.252	-43.423	406.569
119	0.23600	-345.439	-45.296	405.872	61.235	-43.423	406.542
120	0.23800	-344.785	-45.256	405.864	61.198	-43.418	406.579
121	0.24000	-344.046	-45.240	405.857	61.235	-43.449	406.637
122	0.24200	-343.362	-45.196	405.925	61.198	-43.456	406.560
123	0.24400	-342.667	-45.161	405.790	61.196	-43.439	406.593
124	0.24600	-341.965	-45.116	405.879	61.183	-43.448	406.579
125	0.24800	-341.256	-45.103	405.844	61.167	-43.463	406.566
126	0.25000	-340.576	-45.033	405.870	61.158	-43.457	406.598
127	0.25200	-339.834	-45.017	405.865	61.149	-43.460	406.584
128	0.25400	-339.155	-44.964	405.879	61.135	-43.445	406.603
129	0.25600	-338.466	-44.924	405.893	61.099	-43.441	406.618
130	0.25800	-337.743	-44.878	405.959	61.129	-43.456	406.626
131	0.26000	-337.060	-44.849	405.885	61.121	-43.476	406.603
132	0.26200	-336.317	-44.833	405.881	61.082	-43.479	406.595
133	0.26400	-335.615	-44.804	405.917	61.105	-43.492	406.567
134	0.26600	-334.917	-44.763	405.876	61.103	-43.488	406.635
135	0.26800	-334.202	-44.717	405.911	61.109	-43.501	406.580
136	0.27000	-333.506	-44.678	405.849	61.102	-43.513	406.580
137	0.27200	-332.793	-44.645	405.897	61.122	-43.505	406.630
138	0.27400	-332.043	-44.665	405.882	61.081	-43.516	406.599
139	0.27600	-331.405	-44.597	405.850	61.084	-43.534	406.566
140	0.27800	-330.645	-44.585	405.826	61.064	-43.515	406.595
141	0.28000	-329.942	-44.556	405.865	61.048	-43.531	406.558
142	0.28200	-329.264	-44.548	405.782	61.046	-43.529	406.604
143	0.28400	-328.574	-44.515	405.845	61.052	-43.554	406.608
144	0.28600	-327.913	-44.461	405.845	61.023	-43.541	406.577
145	0.28800	-327.176	-44.482	405.779	61.013	-43.544	406.563
146	0.29000	-326.461	-44.423	405.897	60.995	-43.541	406.582
147	0.29200	-325.792	-44.421	405.783	60.986	-43.520	406.601
148	0.29400	-325.089	-44.361	405.870	60.973	-43.544	406.601
149	0.29600	-324.337	-44.384	405.837	60.962	-43.555	406.564
150	0.29800	-323.703	-44.297	405.854	60.946	-43.546	406.583
151	0.30000	-322.931	-44.325	405.809	60.904	-43.556	406.575
152	0.30200	-322.250	-44.293	405.887	60.944	-43.569	406.574
153	0.30400	-321.532	-44.300	405.838	60.909	-43.566	406.566
154	0.30600	-320.808	-44.278	405.801	60.899	-43.571	406.529
155	0.30800	-320.136	-44.227	405.815	60.888	-43.586	406.575
156	0.31000	-319.424	-44.264	405.755	60.876	-43.580	406.548
157	0.31200	-318.698	-44.228	405.852	60.901	-43.598	406.602
158	0.31400	-318.016	-44.226	405.742	60.868	-43.591	406.571
159	0.31600	-317.296	-44.232	405.839	60.866	-43.610	406.607
160	0.31800	-316.611	-44.222	405.784	60.860	-43.621	406.630
161	0.32000	-315.936	-44.203	405.798	60.825	-43.620	406.599
162	0.32200	-315.198	-44.227	405.805	60.786	-43.608	406.577
163	0.32400	-314.513	-44.203	405.786	60.785	-43.622	406.613
164	0.32600	-313.818	-44.228	405.831	60.757	-43.621	406.642
165	0.32800	-313.076	-44.236	405.806	60.771	-43.614	406.610
166	0.33000	-312.435	-44.225	405.791	60.734	-43.617	406.624
167	0.33200	-311.706	-44.218	405.769	60.709	-43.589	406.639
168	0.33400	-310.962	-44.244	405.822	60.667	-43.611	406.667
169	0.33600	-310.308	-44.254	405.773	60.683	-43.606	406.635
170	0.33800	-309.593	-44.274	405.774	60.682	-43.619	406.671
171	0.34000	-308.895	-44.265	405.801	60.651	-43.612	406.640
172	0.34200	-308.194	-44.292	405.748	60.673	-43.621	406.681
173	0.34400	-307.483	-44.295	405.840	60.655	-43.621	406.654
174	0.34600	-306.758	-44.330	405.775	60.630	-43.615	406.659
175	0.34800	-306.096	-44.320	405.828	60.643	-43.606	406.673
176	0.35000	-305.352	-44.334	405.819	60.629	-43.614	406.682
177	0.35200	-304.642	-44.357	405.767	60.625	-43.629	406.636
178	0.35400	-303.942	-44.386	405.806	60.606	-43.626	406.655
179	0.35600	-303.175	-44.434	405.795	60.600	-43.623	406.642
180	0.35800	-302.571	-44.404	405.777	60.609	-43.621	406.632
181	0.36000	-301.825	-44.448	405.725	60.578	-43.613	406.624
182	0.36200	-301.122	-44.459	405.732	60.581	-43.622	406.638
183	0.36400	-300.407	-44.494	405.683	60.552	-43.609	406.607
184	0.36600	-299.694	-44.497	405.680	60.554	-43.600	406.653
185	0.36800	-299.007	-44.511	405.711	60.539	-43.594	406.626
186	0.37000	-298.283	-44.564	405.618	60.535	-43.585	406.612
187	0.37200	-297.590	-44.553	405.728	60.514	-43.575	406.595
188	0.37400	-296.889	-44.574	405.616	60.507	-43.563	406.627
189	0.37600	-296.181	-44.581	405.670	60.479	-43.549	406.596
190	0.37800	-295.477	-44.606	405.691	60.476	-43.556	406.596
191	0.38000	-294.771	-44.630	405.668	60.473	-43.562	406.596
192	0.38200	-294.087	-44.646	405.725	60.479	-43.550	406.596
193	0.38400	-293.343	-44.695	405.677	60.431	-43.534	406.584
194	0.38600	-292.669	-44.697	405.691	60.433	-43.534	406.584
195	0.38800	-291.936	-44.730	405.701	60.422	-43.550	406.607
196	0.39000	-291.248	-44.761	405.625	60.400	-43.525	406.576
197	0.39200	-290.547	-44.750	405.661	60.379	-43.514	406.582
198	0.39400	-289.825	-44.788	405.607	60.360	-43.511	406.601
199	0.39600	-289.180	-44.778	405.647	60.362	-43.506	406.578
200	0.39800	-288.421	-44.862	405.611	60.342	-43.510	406.597
201	0.40000	-287.756	-44.857	405.639	60.315	-43.514	406.533
202	0.40200	-287.073	-44.886	405.600	60.293	-43.517	406.552
203	0.40400	-286.327	-44.915	405.690	60.254	-43.505	406.554
204	0.40600	-285.640	-44.927	405.728	60.239	-43.498	406.550
205	0.40800	-284.975	-44.936	405.658	60.201	-43.492	406.587
206	0.41000	-284.298	-44.886	405.711	60.195	-43.489	406.574
207	0.41200	-283.578	-44.974	405.614	60.164	-43.457	406.599
208	0.41400	-282.873	-44.962	405.732	60.135	-43.457	406.604
209	0.41600	-282.133	-45.002	405.713	60.092	-43.450	406.605
210	0.41800	-281.466	-44.977	405.668	60.097	-43.445	406.605
211	0.42000	-280.782	-44.998	405.687	60.022	-43.407	406.608
212	0.42200	-280.045	-45.021	405.726	60.024	-43.435	406.658
213	0.42400	-279.385	-44.992	405.738	59.987	-43.419	406.614
214	0.42600	-278.650	-45.033	405.700	59.982	-43.430	406.637
215	0.42800	-277.983	-45.017	405.744	59.946	-43.426	406.651
216	0.43000	-277.264	-45.040	405.719	59.930	-43.404	406.634
217	0.43200	-276.569	-45.032	405.763	59.916	-43.411	406.643
218	0.43400	-275.878	-45.031	405.697	59.878	-43.415	406.635
219	0.43600	-275.154	-45.063	405.728	59.843	-43.415	406.581
220	0.43800	-274.519	-44.994	405.711	59.838	-43.403	406.614
221	0.44000	-273.765	-45.006	405.675	59.834	-43.408	406.637
222	0.44200	-273.057	-44.994	405.687	59.812	-43.411	406.655
223	0.44400	-272.385	-44.987	405.646	59.796	-43.413	406.606
224	0.44600	-271.654	-44.969	405.681	59.792	-43.402	406.615
225	0.44800	-270.964	-44.945	405.607	59.776	-43.395	406.611
226	0.45000	-270.225	-44.926	405.630	59.745	-43.388	406.580
227	0.45200	-269.514	-44.868	405.700	59.735	-43.389	406.590
228	0.45400	-268.828	-44.888	405.627	59.726	-43.385	406.599
229	0.45600	-268.125	-44.813	405.676	59.703	-43.373	406.605
230	0.45800	-267.422	-44.832	405.624	59.722	-43.376	406.586
231	0.46000	-266.759	-44.801	405.598	59.686	-43.372	406.601
232	0.46200	-266.003	-44.772	405.634	59.653	-43.363	406.593
233	0.46400	-265.342	-44.727	405.598	59.640	-43.374	406.556
234	0.46600	-264.637	-44.707	405.648	59.636	-43.378	406.579
235	0.46800	-263.931	-44.705	405.588	59.628	-43.398	406.556
236	0.47000	-263.227	-44.657	405.617	59.619	-43.392	406.588
237	0.47200	-262.505	-44.629	405.579	59.607	-43.388	406.539
238	0.47400	-261.823	-44.583	405.566	59.563	-43.393	406.599
239	0.47600	-261.119	-44.577	405.518	59.540	-43.406	406.549
240	0.47800	-260.393	-44.556	405.547	59.523	-43.383	406.555
241	0.48000	-259.715	-44.499	405.546	59.505	-43.417	406.577
242	0.48200	-258.990	-44.507	405.531	59.482	-43.413	406.560
243	0.48400	-258.327	-44.463	405.542	59.489	-43.431	406.587
244	0.48600	-257.571	-44.463	405.539	59.453	-43.430	406.556
245	0.48800	-256.940	-44.428	405.518	59.440	-43.436	406.588
246	0.49000	-256.207	-44.439	405.516	59.398	-43.446	406.580
247	0.49200	-255.507	-44.397	405.593	59.367	-43.439	406.549
248	0.49400	-254.818	-44.372	405.560	59.338	-43.438	406.577
249	0.49600	-254.109	-44.345	405.572	59.370	-43.445	406.608
250	0.49800	-253.449	-44.307	405.629	59.296	-43.446	406.592
251	0.50000	-252.713	-44.279	405.585	59.282	-43.439	406.588
252	0.50200	-251.995	-44.254	405.608	59.267	-43.445	406.620
253	0.50400	-251.356	-44.263	405.523	59.218	-43.451	406.599
254	0.50600	-250.622	-44.240	405.546	59.208	-43.453	406.608
255	0.50800	-249.969	-44.196	405.506	59.169	-43.456	406.600
256	0.51000	-249.225	-44.190	405.552	59.149	-43.453	406.619
257	0.51200	-248.538	-44.177	405.589	59.139	-43.463	406.605
258	0.51400	-247.874	-44.142	405.527	59.089	-43.467	406.630
259	0.51600	-247.165	-44.152	405.541	59.073	-43.483	406.593
260	0.51800	-246.434	-44.134	405.567	59.072	-43.480	406.639
261	0.52000	-245.765	-44.100	405.573	59.019	-43.475	406.650
262	0.52200	-245.044	-44.115	405.544	58.988	-43.496	406.668
263	0.52400	-244.352	-44.064	405.582	58.966	-43.507	406.664
264	0.52600	-243.676	-44.059	405.578	58.957	-43.504	406.651
265	0.52800	-242.955	-44.040	405.573	58.948	-43.506	406.660
266	0.53000	-242.231	-44.015	405.568	58.893	-43.502	406.648
267	0.53200	-241.553	-43.996	405.553	58.868	-43.494	406.699
268	0.53400	-240.844	-44.007	405.548	58.847	-43.500	406.672
269	0.53600	-240.113	-44.010	405.588	58.781	-43.492	406.611
270	0.53800	-239.439	-43.990	405.509	58.791	-43.487	406.647
271	0.54000	-238.718	-43.982	405.527	58.752	-43.492	406.616
272	0.54200	-238.037	-43.954	405.537	58.732	-43.497	406.612
273	0.54400	-237.339	-43.944	405.535	58.692	-43.500	406.604
274	0.54600	-236.650	-43.939	405.522	58.682	-43.503	406.590
275	0.54800	-235.968	-43.927	405.521	58.633	-43.508	406.592
276	0.55000	-235.250	-43.901	405.554	58.603	-43.518	406.551
277	0.55200	-234.567	-43.919	405.509	58.572	-43.501	406.566
278	0.55400	-233.877	-43.930	405.486	58.565	-43.513	406.566
279	0.55600	-233.169	-43.938	405.508	58.516	-43.504	406.554
280	0.55800	-232.483	-43.954	405.487	58.500	-43.517	406.563
281	0.56000	-231.770	-43.928	405.487	58.469	-43.526	406.523
282	0.56200	-231.074	-43.927	405.466	58.457	-43.536	406.509
283	0.56400	-230.337	-43.940	405.501	58.440	-43.548	406.542
284	0.56600	-229.651	-43.953	405.503	58.402	-43.529	406.543
285	0.56800	-228.961	-43.968	405.505	58.363	-43.532	406.535
286	0.57000	-228.245	-43.979	405.474	58.333	-43.540	406.518
287	0.57200	-227.571	-43.971	405.466	58.323	-43.557	406.540
288	0.57400	-226.896	-43.994	405.525	58.291	-43.563	406.546
289	0.57600	-226.196	-44.017	405.507	58.259	-43.555	406.538
290	0.57800	-225.464	-44.060	405.577	58.228	-43.560	406.566
291	0.58000	-224.770	-44.091	405.537	58.188	-43.547	406.567
292	0.58200	-224.122	-44.081	405.498	58.168	-43.566	406.577
293	0.58400	-223.415	-44.081	405.559	58.133	-43.579	406.582
294	0.58600	-222.727	-44.110	405.509	58.112	-43.582	406.601
295	0.58800	-222.034	-44.115	405.537	58.092	-43.564	406.606
296	0.59000	-221.323	-44.154	405.499	58.034	-43.574	406.571
297	0.59200	-220.653	-44.137	405.484	58.038	-43.583	406.585
298	0.59400	-219.934	-44.180	405.502	57.988	-43.587	406.609
299	0.59600	-219.216	-44.188	405.499	57.949	-43.575	406.588
300	0.59800	-218.500	-44.209	405.495	57.936	-43.585	406.574
301	0.60000	-217.842	-44.244	405.504	57.907	-43.585	406.580
302	0.60200	-217.101	-44.269	405.512	57.872	-43.581	406.594
303	0.60400	-216.438	-44.263	405.499	57.832	-43.583	406.609
304	0.60600	-215.757	-44.269	405.476	57.826	-43.595	406.609
305	0.60800	-215.048	-44.294	405.475	57.800	-43.588	406.638
306	0.61000	-214.354	-44.299	405.507	57.777	-43.599	406.633
307	0.61200	-213.660	-44.324	405.507	57.729	-43.583	406.622
308	0.61400	-212.964	-44.353	405.528	57.691	-43.601	406.627
309	0.61600	-212.260	-44.352	405.529	57.681	-43.565	406.633
310	0.61800	-211.563	-44.349	405.518	57.620	-43.581	406.598
311	0.62000	-210.856	-44.380	405.453	57.627	-43.583	406.634
312	0.62200	-210.154	-44.390	405.476	57.572	-43.601	406.612
313	0.62400	-209.460	-44.430	405.467	57.562	-43.604	406.599
314	0.62600	-208.794	-44.430	405.425	57.524	-43.582	406.646
315	0.62800	-208.075	-44.441	405.450	57.507	-43.597	406.632
316	0.63000	-207.384	-44.457	405.442	57.472	-43.595	406.625
317	0.63200	-206.694	-44.483	405.468	57.444	-43.595	406.630
318	0.63400	-206.001	-44.489	405.482	57.401	-43.591	406.586
319	0.63600	-205.279	-44.520	405.475	57.387	-43.583	406.605
320	0.63800	-204.584	-44.518	405.447	57.348	-43.585	406.619
321	0.64000	-203.898	-44.550	405.474	57.329	-43.583	406.615
322	0.64200	-203.221	-44.555	405.424	57.280	-43.591	406.571
323	0.64400	-202.503	-44.570	405.474	57.265	-43.605	406.580
324	0.64600	-201.828	-44.577	405.402	57.227	-43.586	406.582
325	0.64800	-201.069	-44.600	405.442	57.187	-43.572	406.606
326	0.65000	-200.386	-44.590	405.416	57.190	-43.591	406.551
327	0.65200	-199.710	-44.609	405.378	57.139	-43.580	406.562
328	0.65400	-198.996	-44.617	405.397	57.113	-43.574	406.567
329	0.65600	-198.315	-44.599	405.427	57.074	-43.561	406.569
330	0.65800	-197.640	-44.584	405.413	57.021	-43.574	406.547
331	0.66000	-196.936	-44.588	405.422	56.981	-43.546	406.536
332	0.66200	-196.246	-44.571	405.419	56.951	-43.569	406.532
333	0.66400	-195.579	-44.560	405.461	56.899	-43.542	406.529
334	0.66600	-194.893	-44.560	405.427	56.866	-43.531	406.567
335	0.66800	-194.205	-44.544	405.470	56.849	-43.546	406.554
336	0.67000	-193.496	-44.558	405.425	56.770	-43.520	406.557
337	0.67200	-192.834	-44.537	405.391	56.743	-43.521	406.562
338	0.67400	-192.119	-44.548	405.458	56.717	-43.512	406.614
339	0.67600	-191.418	-44.527	405.403	56.683	-43.526	406.596
340	0.67800	-190.729	-44.513	405.425	56.614	-43.499	406.590
341	0.68000	-190.000	-44.500	405.438	56.589	-43.508	406.609
342	0.68200	-189.354	-44.491	405.372	56.552	-43.512	406.601
343	0.68400	-188.622	-44.478	405.453	56.519	-43.515	406.652
344	0.68600	-187.931	-44.451	405.411	56.488	-43.523	406.634
345	0.68800	-187.255	-44.425	405.480	56.468	-43.504	406.663
346	0.69000	-186.556	-44.408	405.449	56.409	-43.497	406.637
347	0.69200	-185.863	-44.377	405.519	56.414	-43.496	406.720
348	0.69400	-185.181	-44.368	405.478	56.347	-43.488	406.658
349	0.69600	-184.483	-44.334	405.460	56.329	-43.485	406.677
350	0.69800	-183.825	-44.299	405.464	56.301	-43.511	406.627
351	0.70000	-183.097	-44.315	405.469	56.251	-43.505	406.697
352	0.70200	-182.408	-44.278	405.508	56.248	-43.511	406.697
353	0.70400	-181.720	-44.277	405.480	56.202	-43.496	406.685
354	0.70600	-181.032	-44.237	405.475	56.159	-43.504	406.700
355	0.70800	-180.344	-44.199	405.447	56.148	-43.505	406.709
356	0.71000	-179.625	-44.193	405.410	56.097	-43.480	406.684
357	0.71200	-178.953	-44.139	405.438	56.075	-43.506	406.693
358	0.71400	-178.231	-44.158	405.403	56.064	-43.508	406.703
359	0.71600	-177.556	-44.095	405.454	56.022	-43.502	406.681
360	0.71800	-176.868	-44.076	405.395	55.938	-43.482	406.685
361	0.72000	-176.162	-44.081	405.393	55.916	-43.471	406.690
362	0.72200	-175.478	-44.043	405.401	55.899	-43.486	406.677
363	0.72400	-174.730	-44.033	405.400	55.819	-43.485	406.624
364	0.72600	-174.101	-44.004	405.419	55.793	-43.478	406.653
365	0.72800	-173.385	-43.970	405.407	55.757	-43.461	406.632
366	0.73000	-172.686	-43.968	405.373	55.702	-43.443	406.583
367	0.73200	-172.047	-43.939	405.360	55.658	-43.459	406.575
368	0.73400	-171.307	-43.940	405.295	55.608	-43.464	406.577
369	0.73600	-170.601	-43.909	405.339	55.561	-43.448	406.565
370	0.73800	-169.918	-43.902	405.351	55.539	-43.475	406.551
371	0.74000	-169.227	-43.863	405.329	55.500	-43.462	406.553
372	0.74200	-168.521	-43.849	405.431	55.457	-43.485	406.581
373	0.74400	-167.812	-43.847	405.367	55.416	-43.480	406.560
374	0.74600	-167.177	-43.820	405.400	55.386	-43.465	406.552
375	0.74800	-166.475	-43.809	405.392	55.342	-43.497	406.534
376	0.75000	-165.810	-43.770	405.382	55.313	-43.495	406.562
377	0.75200	-165.084	-43.770	405.386	55.262	-43.508	406.541
378	0.75400	-164.428	-43.761	405.344	55.228	-43.497	406.579
379	0.75600	-163.734	-43.737	405.403	55.195	-43.511	406.561
380	0.75800	-163.012	-43.744	405.387	55.170	-43.518	406.603
381	0.76000	-162.309	-43.755	405.459	55.109	-43.510	406.601
382	0.76200	-161.657	-43.716	405.395	55.049	-43.520	406.566
383	0.76400	-160.952	-43.738	405.368	55.031	-43.538	406.598
384	0.76600	-160.279	-43.721	405.406	54.996	-43.551	406.603
385	0.76800	-159.564	-43.737	405.347	54.928	-43.539	406.588
386	0.77000	-158.884	-43.722	405.397	54.871	-43.552	406.658
387	0.77200	-158.220	-43.701	405.358	54.828	-43.545	406.659
388	0.77400	-157.524	-43.727	405.388	54.801	-43.547	406.642
389	0.77600	-156.867	-43.681	405.415	54.747	-43.542	406.653
390	0.77800	-156.117	-43.714	405.426	54.702	-43.556	406.668
391	0.78000	-155.497	-43.672	405.431	54.647	-43.558	406.656
392	0.78200	-154.768	-43.712	405.431	54.608	-43.575	406.684
393	0.78400	-154.094	-43.728	405.451	54.570	-43.565	406.640
394	0.78600	-153.453	-43.712	405.391	54.525	-43.578	406.678
395	0.78800	-152.724	-43.742	405.336	54.467	-43.565	406.652
396	0.79000	-152.103	-43.696	405.387	54.443	-43.576	406.648
397	0.79200	-151.343	-43.740	405.424	54.403	-43.602	406.631
398	0.79400	-150.613	-43.732	405.370	54.352	-43.578	406.583
399	0.79600	-149.953	-43.719	405.379	54.316	-43.597	406.588
400	0.79800	-149.233	-43.734	405.348	54.284	-43.590	406.557
401	0.80000	-148.574	-43.717	405.380	54.238	-43.587	406.582
402	0.80200	-147.881	-43.748	405.349	54.236	-43.586	406.605
403	0.80400	-147.190	-43.745	405.339	54.138	-43.584	406.549
404	0.80600	-146.531	-43.734	405.395	54.129	-43.589	406.512
405	0.80800	-145.818	-43.741	405.332	54.072	-43.604	406.537
406	0.81000	-145.157	-43.737	405.400	54.033	-43.591	406.538
407	0.81200	-144.455	-43.768	405.338	53.999	-43.584	406.507
408	0.81400	-143.727	-43.783	405.411	53.956	-43.614	406.513
409	0.81600	-143.086	-43.788	405.367	53.894	-43.590	406.520
410	0.81800	-142.364	-43.829	405.319	53.857	-43.608	406.525
411	0.82000	-141.683	-43.810	405.333	53.824	-43.600	406.517
412	0.82200	-140.984	-43.816	405.339	53.797	-43.615	406.536
413	0.82400	-140.261	-43.859	405.269	53.738	-43.623	406.524
414	0.82600	-139.624	-43.837	405.316	53.695	-43.616	406.526
415	0.82800	-138.917	-43.841	405.312	53.652	-43.623	406.564
416	0.83000	-138.234	-43.848	405.240	53.625	-43.626	406.523
417	0.83200	-137.524	-43.882	405.327	53.570	-43.606	406.521
418	0.83400	-136.870	-43.896	405.266	53.540	-43.626	406.563
419	0.83600	-136.161	-43.913	405.297	53.490	-43.630	406.587
420	0.83800	-135.492	-43.903	405.303	53.443	-43.614	406.576
421	0.84000	-134.776	-43.939	405.270	53.424	-43.635	406.562
422	0.84200	-134.141	-43.936	405.331	53.335	-43.614	406.529
423	0.84400	-133.434	-43.959	405.297	53.304	-43.634	406.571
424	0.84600	-132.741	-43.970	405.374	53.242	-43.622	406.614
425	0.84800	-132.079	-43.957	405.303	53.221	-43.626	406.633
426	0.85000	-131.335	-44.003	405.385	53.157	-43.625	406.608
427	0.85200	-130.680	-43.983	405.348	53.123	-43.651	406.649
428	0.85400	-129.996	-44.000	405.326	53.065	-43.622	406.634
429	0.85600	-129.321	-44.032	405.326	52.985	-43.636	406.595
430	0.85800	-128.652	-44.036	405.347	52.957	-43.632	406.669
431	0.86000	-127.947	-44.059	405.294	52.871	-43.621	406.627
432	0.86200	-127.288	-44.070	405.349	52.839	-43.627	406.632
433	0.86400	-126.596	-44.122	405.319	52.759	-43.627	406.580
434	0.86600	-125.928	-44.111	405.330	52.731	-43.641	406.622
435	0.86800	-125.238	-44.108	405.377	52.658	-43.619	406.616
436	0.87000	-124.549	-44.119	405.357	52.610	-43.626	406.595
437	0.87200	-123.857	-44.139	405.429	52.564	-43.624	406.619
438	0.87400	-123.165	-44.155	405.377	52.523	-43.635	406.588
439	0.87600	-122.476	-44.139	405.391	52.484	-43.637	406.603
440	0.87800	-121.827	-44.133	405.404	52.443	-43.647	406.572
441	0.88000	-121.133	-44.159	405.342	52.389	-43.643	406.561
442	0.88200	-120.422	-44.133	405.359	52.332	-43.643	406.595
443	0.88400	-119.726	-44.160	405.366	52.308	-43.640	406.554
444	0.88600	-119.051	-44.155	405.281	52.260	-43.638	406.579
445	0.88800	-118.422	-44.159	405.327	52.224	-43.620	406.558
446	0.89000	-117.675	-44.163	405.293	52.147	-43.643	406.532
447	0.89200	-117.009	-44.171	405.254	52.131	-43.634	406.551
448	0.89400	-116.286	-44.161	405.319	52.083	-43.639	406.553
449	0.89600	-115.605	-44.173	405.327	52.045	-43.620	406.555
450	0.89800	-114.914	-44.172	405.357	52.004	-43.647	406.514
451	0.90000	-114.234	-44.152	405.297	51.947	-43.632	406.535
452	0.90200	-113.505	-44.190	405.354	51.910	-43.652	406.518
453	0.90400	-112.836	-44.160	405.338	51.844	-43.634	406.502
454	0.90600	-112.159	-44.129	405.290	51.812	-43.661	406.544
455	0.90800	-111.481	-44.135	405.265	51.776	-43.671	406.572
456	0.91000	-110.791	-44.154	405.243	51.707	-43.632	406.507
457	0.91200	-110.096	-44.144	405.231	51.698	-43.663	406.543
458	0.91400	-109.428	-44.119	405.216	51.619	-43.652	406.560
459	0.91600	-108.727	-44.114	405.195	51.602	-43.650	406.579
460	0.91800	-108.096	-44.084	405.201	51.513	-43.646	406.513
461	0.92000	-107.385	-44.080	405.214	51.444	-43.634	406.521
462	0.92200	-106.669	-44.063	405.228	51.382	-43.634	406.473
463	0.92400	-106.021	-44.040	405.326	51.341	-43.643	406.488
464	0.92600	-105.353	-44.010	405.224	51.288	-43.616	406.485
465	0.92800	-104.681	-43.992	405.314	51.214	-43.617	406.470
466	0.93000	-104.002	-43.976	405.281	51.182	-43.622	406.498
467	0.93200	-103.275	-43.978	405.321	51.113	-43.596	406.469
468	0.93400	-102.657	-43.901	405.349	51.057	-43.611	406.494
469	0.93600	-101.942	-43.941	405.311	51.022	-43.607	406.509
470	0.93800	-101.286	-43.884	405.333	50.961	-43.614	406.520
471	0.94000	-100.591	-43.895	405.338	50.927	-43.613	406.489
472	0.94200	-99.914	-43.882	405.263	50.865	-43.601	406.556
473	0.94400	-99.256	-43.836	405.341	50.791	-43.600	406.563
474	0.94600	-98.565	-43.836	405.269	50.724	-43.605	406.538
475	0.94800	-97.884	-43.823	405.284	50.669	-43.584	406.559
476	0.95000	-97.224	-43.809	405.276	50.617	-43.593	406.583
477	0.95200	-96.514	-43.788	405.306	50.553	-43.576	406.568
478	0.95400	-95.857	-43.763	405.309	50.522	-43.595	406.632
479	0.95600	-95.146	-43.745	405.295	50.480	-43.591	406.588
480	0.95800	-94.492	-43.723	405.343	50.430	-43.580	406.600
481	0.96000	-93.799	-43.701	405.283	50.386	-43.573	406.601
482	0.96200	-93.097	-43.695	405.337	50.320	-43.591	406.612
483	0.96400	-92.454	-43.694	405.342	50.244	-43.577	406.583
484	0.96600	-91.745	-43.678	405.307	50.222	-43.588	406.579
485	0.96800	-91.109	-43.636	405.298	50.159	-43.563	406.587
486	0.97000	-90.409	-43.617	405.319	50.105	-43.562	406.530
487	0.97200	-89.723	-43.604	405.284	50.047	-43.547	406.550
488	0.97400	-89.011	-43.581	405.341	50.015	-43.553	406.556
489	0.97600	-88.345	-43.572	405.304	49.934	-43.549	406.550
490	0.97800	-87.654	-43.534	405.325	49.889	-43.513	406.525
491	0.98000	-86.987	-43.507	405.322	49.863	-43.544	406.534
492	0.98200	-86.284	-43.499	405.402	49.797	-43.526	406.542
493	0.98400	-85.619	-43.478	405.333	49.745	-43.521	406.553
494	0.98600	-84.892	-43.494	405.372	49.659	-43.521	406.570
495	0.98800	-84.249	-43.461	405.312	49.627	-43.513	406.562
496	0.99000	-83.559	-43.438	405.325	49.574	-43.508	406.573
497	0.99200	-82.868	-43.426	405.293	49.549	-43.518	406.569
498	0.99400	-82.179	-43.428	405.273	49.485	-43.516	406.567
499	0.99600	-81.545	-43.415	405.259	49.429	-43.518	406.556
500	0.99800	-80.812	-43.420	405.279	49.384	-43.519	406.534
501	1.00000	-80.138	-43.400	405.246	49.315	-43.508	406.519
502	1.00200	-79.465	-43.377	405.237	49.281	-43.520	406.524
503	1.00400	-78.793	-43.361	405.228	49.220	-43.513	406.499
504	1.00600	-78.106	-43.367	405.233	49.151	-43.523	406.497
505	1.00800	-77.417	-43.387	405.183	49.099	-43.497	406.495
506	1.01000	-76.763	-43.332	405.239	49.052	-43.532	406.523
507	1.01200	-76.102	-43.339	405.253	49.020	-43.523	406.516
508	1.01400	-75.435	-43.349	405.258	48.940	-43.514	406.510
509	1.01600	-74.744	-43.328	405.253	48.877	-43.511	406.508
510	1.01800	-74.052	-43.323	405.238	48.804	-43.488	406.525
511	1.02000	-73.385	-43.315	405.276	48.717	-43.498	406.496
512	1.02200	-72.740	-43.300	405.256	48.662	-43.477	406.517
513	1.02400	-72.044	-43.339	405.279	48.597	-43.497	406.505
514	1.02600	-71.359	-43.333	405.230	48.514	-43.480	406.463
515	1.02800	-70.657	-43.328	405.274	48.447	-43.482	406.484
516	1.03000	-70.008	-43.319	405.223	48.417	-43.517	406.538
517	1.03200	-69.302	-43.360	405.281	48.346	-43.497	406.510
518	1.03400	-68.638	-43.354	405.277	48.283	-43.510	406.521
519	1.03600	-67.974	-43.370	405.286	48.244	-43.537	406.481
520	1.03800	-67.353	-43.361	405.244	48.183	-43.542	406.515
521	1.04000	-66.642	-43.396	405.304	48.112	-43.520	406.532
522	1.04200	-65.997	-43.389	405.299	48.061	-43.547	406.524
523	1.04400	-65.298	-43.426	405.348	47.990	-43.554	406.567
524	1.04600	-64.651	-43.418	405.367	47.963	-43.573	406.518
525	1.04800	-63.941	-43.433	405.394	47.879	-43.566	406.580
526	1.05000	-63.284	-43.407	405.323	47.828	-43.554	406.592
527	1.05200	-62.612	-43.440	405.359	47.758	-43.549	406.576
528	1.05400	-61.951	-43.443	405.314	47.718	-43.552	406.568
529	1.05600	-61.215	-43.459	405.402	47.650	-43.540	406.576
530	1.05800	-60.555	-43.445	405.390	47.595	-43.556	406.600
531	1.06000	-59.883	-43.450	405.380	47.538	-43.558	406.589
532	1.06200	-59.206	-43.476	405.351	47.510	-43.555	406.640
533	1.06400	-58.522	-43.488	405.344	47.451	-43.578	406.642
534	1.06600	-57.875	-43.486	405.276	47.412	-43.581	406.634
535	1.06800	-57.163	-43.534	405.286	47.356	-43.585	406.600
536	1.07000	-56.478	-43.546	405.281	47.283	-43.601	406.597
537	1.07200	-55.813	-43.558	405.341	47.208	-43.587	406.569
538	1.07400	-55.130	-43.573	405.291	47.172	-43.583	406.584
539	1.07600	-54.453	-43.582	405.274	47.103	-43.594	406.559
540	1.07800	-53.820	-43.583	405.263	47.065	-43.615	406.519
541	1.08000	-53.099	-43.615	405.254	47.010	-43.616	406.530
542	1.08200	-52.430	-43.619	405.248	46.926	-43.599	406.488
543	1.08400	-51.751	-43.642	405.245	46.884	-43.608	406.480
544	1.08600	-51.077	-43.639	405.262	46.818	-43.612	406.478
545	1.08800	-50.389	-43.638	405.260	46.734	-43.592	406.482
546	1.09000	-49.714	-43.668	405.258	46.684	-43.595	406.506
547	1.09200	-49.075	-43.659	405.227	46.593	-43.571	406.520
548	1.09400	-48.375	-43.645	405.158	46.549	-43.587	406.512
549	1.09600	-47.688	-43.668	405.215	46.505	-43.565	406.501
550	1.09800	-47.032	-43.680	405.222	46.433	-43.557	406.531
551	1.10000	-46.378	-43.663	405.273	46.381	-43.568	406.533
552	1.10200	-45.678	-43.677	405.253	46.321	-43.560	406.531
553	1.10400	-45.003	-43.706	405.253	46.274	-43.575	406.523
554	1.10600	-44.327	-43.718	405.287	46.236	-43.576	406.561
555	1.10800	-43.698	-43.713	405.223	46.180	-43.578	406.550
556	1.11000	-43.006	-43.745	405.295	46.081	-43.573	406.540
557	1.11200	-42.352	-43.728	405.257	46.039	-43.580	406.578
558	1.11400	-41.589	-43.765	405.340	45.983	-43.606	406.534
559	1.11600	-40.998	-43.744	405.238	45.935	-43.602	406.581
560	1.11800	-40.280	-43.761	405.291	45.796	-43.586	406.551
561	1.12000	-39.639	-43.766	405.277	45.731	-43.582	406.572
562	1.12200	-38.943	-43.788	405.306	45.664	-43.598	406.478
563	1.12400	-38.305	-43.786	405.258	45.619	-43.595	406.503
564	1.12600	-37.619	-43.775	405.272	45.520	-43.567	406.526
565	1.12800	-36.969	-43.760	405.283	45.452	-43.570	406.524
566	1.13000	-36.288	-43.758	405.321	45.400	-43.577	406.594
567	1.13200	-35.637	-43.726	405.274	45.322	-43.569	406.566
568	1.13400	-34.956	-43.747	405.302	45.266	-43.573	406.532
569	1.13600	-34.282	-43.721	405.316	45.214	-43.573	406.602
570	1.13800	-33.619	-43.753	405.310	45.144	-43.569	406.564
571	1.14000	-32.967	-43.699	405.343	45.089	-43.585	406.588
572	1.14200	-32.290	-43.721	405.350	45.057	-43.592	406.594
573	1.14400	-31.602	-43.743	405.325	44.981	-43.597	406.602
574	1.14600	-30.915	-43.700	405.342	44.923	-43.584	406.577
575	1.14800	-30.242	-43.713	405.338	44.868	-43.601	406.579
576	1.15000	-29.570	-43.661	405.284	44.794	-43.601	406.586
577	1.15200	-28.903	-43.668	405.313	44.737	-43.603	406.575
578	1.15400	-28.210	-43.663	405.278	44.670	-43.607	406.573
579	1.15600	-27.550	-43.669	405.273	44.601	-43.617	406.571
580	1.15800	-26.892	-43.642	405.288	44.554	-43.614	406.596
581	1.16000	-26.222	-43.647	405.273	44.516	-43.603	406.575
582	1.16200	-25.647	-43.615	405.288	44.473	-43.597	406.554
583	1.16400	-24.981	-43.659	405.322	44.460	-43.582	406.573
584	1.16600	-24.395	-43.666	405.307	44.471	-43.542	406.583
585	1.16800	-23.845	-43.664	405.355	44.530	-43.534	406.594
586	1.17000	-23.312	-43.684	405.300	44.569	-43.494	406.576
587	1.17200	-22.812	-43.700	405.388	44.676	-43.463	406.618
588	1.17400	-22.351	-43.669	405.433	44.821	-43.432	406.622
589	1.17600	-21.956	-43.685	405.391	44.992	-43.419	406.657
590	1.17800	-21.531	-43.687	405.456	45.174	-43.378	406.609
591	1.18000	-21.176	-43.683	405.510	45.414	-43.377	406.659
592	1.18200	-20.870	-43.707	405.467	45.721	-43.388	406.701
593	1.18400	-20.659	-43.694	405.476	46.044	-43.408	406.724
594	1.18600	-20.439	-43.697	405.532	46.401	-43.403	406.706
595	1.18800	-20.243	-43.712	405.563	46.777	-43.373	406.747
596	1.19000	-20.116	-43.702	405.548	47.222	-43.397	406.715
597	1.19200	-19.994	-43.719	405.545	47.711	-43.380	406.770
598	1.19400	-19.934	-43.710	405.576	48.164	-43.374	406.680
599	1.19600	-19.874	-43.707	405.517	48.701	-43.381	406.701
600	1.19800	-19.853	-43.704	405.497	49.243	-43.394	406.689
601	1.20000	-19.844	-43.727	405.454	49.762	-43.380	406.670
602	1.20200	-19.895	-43.677	405.466	50.388	-43.413	406.656
603	1.20400	-19.935	-43.651	405.435	50.937	-43.402	406.586
604	1.20600	-19.998	-43.631	405.379	51.539	-43.406	406.588
605	1.20800	-20.072	-43.592	405.387	52.161	-43.413	406.570
606	1.21000	-20.110	-43.560	405.356	52.758	-43.369	406.601
607	1.21200	-20.184	-43.523	405.343	53.424	-43.389	406.642
608	1.21400	-20.228	-43.505	405.266	54.019	-43.357	406.559
609	1.21600	-20.280	-43.480	405.245	54.653	-43.330	406.611
610	1.21800	-20.414	-43.427	405.256	55.253	-43.307	406.542
611	1.22000	-20.478	-43.408	405.267	55.908	-43.274	406.622
612	1.22200	-20.554	-43.408	405.256	56.566	-43.255	406.625
613	1.22400	-20.647	-43.373	405.284	57.209	-43.236	406.601
614	1.22600	-20.684	-43.366	405.324	57.850	-43.211	406.668
615	1.22800	-20.787	-43.390	405.310	58.503	-43.191	406.636
616	1.23000	-20.880	-43.366	405.306	59.139	-43.182	406.635
617	1.23200	-20.958	-43.336	405.360	59.758	-43.136	406.627
618	1.23400	-21.064	-43.320	405.365	60.440	-43.144	406.616
619	1.23600	-21.151	-43.311	405.397	61.053	-43.130	406.622
620	1.23800	-21.237	-43.315	405.350	61.715	-43.119	406.664
621	1.24000	-21.320	-43.295	405.359	62.398	-43.111	406.664
622	1.24200	-21.429	-43.273	405.307	62.981	-43.100	406.630
623	1.24400	-21.517	-43.266	405.293	63.679	-43.130	406.661
624	1.24600	-21.563	-43.246	405.262	64.274	-43.117	406.619
625	1.24800	-21.613	-43.273	405.256	64.902	-43.117	406.667
626	1.25000	-21.689	-43.257	405.255	65.559	-43.129	406.618
627	1.25200	-21.741	-43.245	405.269	66.233	-43.145	406.679
628	1.25400	-21.844	-43.218	405.217	66.843	-43.157	406.610
629	1.25600	-21.903	-43.216	405.254	67.487	-43.168	406.617
630	1.25800	-21.975	-43.194	405.253	68.119	-43.162	406.667
631	1.26000	-22.053	-43.197	405.287	68.739	-43.195	406.579
632	1.26200	-22.130	-43.168	405.250	69.399	-43.188	406.647
633	1.26400	-22.227	-43.155	405.269	69.972	-43.180	406.603
634	1.26600	-22.331	-43.140	405.252	70.649	-43.212	406.657
635	1.26800	-22.406	-43.139	405.264	71.279	-43.232	406.630
636	1.27000	-22.503	-43.114	405.224	71.862	-43.220	406.623
637	1.27200	-22.604	-43.094	405.208	72.517	-43.252	406.592
638	1.27400	-22.678	-43.091	405.242	73.125	-43.260	406.594
639	1.27600	-22.778	-43.086	405.238	73.787	-43.283	406.668
640	1.27800	-22.883	-43.099	405.143	74.407	-43.277	406.602
641	1.28000	-22.964	-43.090	405.210	75.092	-43.305	406.695
642	1.28200	-23.074	-43.083	405.261	75.694	-43.281	406.635
643	1.28400	-23.118	-43.059	405.276	76.381	-43.326	406.696
644	1.28600	-23.225	-43.087	405.284	76.972	-43.293	406.715
645	1.28800	-23.294	-43.110	405.321	77.652	-43.321	406.750
646	1.29000	-23.401	-43.100	405.327	78.256	-43.303	406.750
647	1.29200	-23.470	-43.108	405.351	78.876	-43.285	406.778
648	1.29400	-23.526	-43.095	405.330	79.548	-43.317	406.778
649	1.29600	-23.632	-43.116	405.339	80.119	-43.292	406.748
650	1.29800	-23.697	-43.135	405.353	80.798	-43.332	406.821
651	1.30000	-23.804	-43.128	405.314	81.379	-43.313	406.759
652	1.30200	-23.890	-43.151	405.325	81.987	-43.309	406.857
653	1.30400	-23.983	-43.151	405.289	82.649	-43.331	406.785
654	1.30600	-24.076	-43.149	405.297	83.231	-43.318	406.783
655	1.30800	-24.207	-43.132	405.333	83.844	-43.351	406.771
656	1.31000	-24.300	-43.153	405.309	84.474	-43.353	406.783
657	1.31200	-24.376	-43.152	405.321	85.127	-43.360	406.814
658	1.31400	-24.477	-43.185	405.297	85.765	-43.369	406.771
659	1.31600	-24.550	-43.186	405.286	86.399	-43.395	406.811
660	1.31800	-24.616	-43.188	405.310	87.033	-43.421	406.852
661	1.32000	-24.716	-43.197	405.319	87.675	-43.424	406.810
662	1.32200	-24.777	-43.211	405.310	88.317	-43.456	406.819
663	1.32400	-24.868	-43.240	405.322	88.967	-43.468	406.851
664	1.32600	-24.955	-43.246	405.343	89.624	-43.495	406.805
665	1.32800	-25.005	-43.272	405.360	90.273	-43.516	406.792
666	1.33000	-25.121	-43.277	405.321	90.896	-43.518	406.899
667	1.33200	-25.168	-43.259	405.335	91.549	-43.535	406.841
668	1.33400	-25.269	-43.275	405.344	92.166	-43.552	406.903
669	1.33600	-25.360	-43.269	405.308	92.747	-43.549	406.836
670	1.33800	-25.449	-43.296	405.342	93.416	-43.578	406.866
671	1.34000	-25.551	-43.315	405.305	94.034	-43.568	406.855
672	1.34200	-25.623	-43.347	405.296	94.652	-43.573	406.858
673	1.34400	-25.729	-43.353	405.293	95.302	-43.599	406.908
674	1.34600	-25.830	-43.349	405.266	95.907	-43.584	406.847
675	1.34800	-25.890	-43.354	405.303	96.599	-43.602	406.906
676	1.35000	-25.959	-43.394	405.307	97.200	-43.593	406.847
677	1.35200	-26.061	-43.419	405.271	97.808	-43.599	406.861
678	1.35400	-26.122	-43.425	405.285	98.473	-43.606	406.843
679	1.35600	-26.216	-43.431	405.271	99.100	-43.591	406.871
680	1.35800	-26.279	-43.480	405.288	99.735	-43.610	406.918
681	1.36000	-26.368	-43.508	405.322	100.371	-43.626	406.860
682	1.36200	-26.464	-43.511	405.331	100.979	-43.608	406.908
683	1.36400	-26.572	-43.540	405.317	101.578	-43.605	406.849
684	1.36600	-26.638	-43.558	405.331	102.222	-43.601	406.815
685	1.36800	-26.749	-43.578	405.305	102.853	-43.625	406.887
686	1.37000	-26.857	-43.584	405.301	103.484	-43.607	406.871
687	1.37200	-26.940	-43.603	405.290	104.119	-43.611	406.907
688	1.37400	-27.038	-43.614	405.276	104.728	-43.596	406.910
689	1.37600	-27.150	-43.649	405.262	105.380	-43.586	406.938
690	1.37800	-27.221	-43.642	405.274	105.969	-43.577	406.914
691	1.38000	-27.330	-43.638	405.280	106.575	-43.568	406.918
692	1.38200	-27.389	-43.662	405.262	107.217	-43.576	406.946
693	1.38400	-27.459	-43.685	405.299	107.847	-43.555	406.979
694	1.38600	-27.577	-43.684	405.292	108.474	-43.579	406.970
695	1.38800	-27.683	-43.705	405.301	109.095	-43.563	406.944
696	1.39000	-27.763	-43.713	405.358	109.754	-43.548	407.033
697	1.39200	-27.837	-43.715	405.324	110.411	-43.573	406.998
698	1.39400	-27.916	-43.739	405.371	110.990	-43.534	407.042
699	1.39600	-28.032	-43.733	405.365	111.622	-43.529	407.067
700	1.39800	-28.110	-43.754	405.367	112.220	-43.512	406.977
701	1.40000	-28.218	-43.752	405.350	112.854	-43.516	407.017
702	1.40200	-28.303	-43.770	405.339	113.501	-43.495	407.057
703	1.40400	-28.407	-43.777	405.336	114.122	-43.480	407.010
704	1.40600	-28.468	-43.785	405.328	114.735	-43.474	407.032
705	1.40800	-28.574	-43.775	405.334	115.344	-43.443	407.027
706	1.41000	-28.706	-43.762	405.302	115.979	-43.425	407.078
707	1.41200	-28.774	-43.760	405.372	116.597	-43.401	407.017
708	1.41400	-28.873	-43.750	405.346	117.251	-43.386	407.027
709	1.41600	-28.949	-43.755	405.358	117.873	-43.376	407.065
710	1.41800	-29.052	-43.739	405.364	118.488	-43.336	407.015
711	1.42000	-29.131	-43.767	405.366	119.128	-43.327	407.058
712	1.42200	-29.208	-43.752	405.342	119.739	-43.305	407.069
713	1.42400	-29.301	-43.731	405.384	120.381	-43.298	407.089
714	1.42600	-29.413	-43.751	405.358	120.988	-43.267	407.087
715	1.42800	-29.507	-43.748	405.367	121.599	-43.253	407.052
716	1.43000	-29.625	-43.712	405.336	122.275	-43.248	407.083
717	1.43200	-29.698	-43.705	405.348	122.897	-43.226	407.063
718	1.43400	-29.780	-43.686	405.335	123.508	-43.226	407.066
719	1.43600	-29.914	-43.642	405.301	124.101	-43.196	407.013
720	1.43800	-29.984	-43.664	405.338	124.752	-43.187	407.027
721	1.44000	-30.060	-43.637	405.279	125.364	-43.180	407.054
722	1.44200	-30.133	-43.629	405.291	126.003	-43.165	407.017
723	1.44400	-30.200	-43.619	405.258	126.636	-43.153	407.050
724	1.44600	-30.292	-43.599	405.300	127.254	-43.135	407.055
725	1.44800	-30.351	-43.600	405.292	127.879	-43.129	407.028
726	1.45000	-30.441	-43.577	405.288	128.520	-43.112	407.099
727	1.45200	-30.521	-43.567	405.288	129.166	-43.102	407.054
728	1.45400	-30.624	-43.552	405.272	129.761	-43.094	407.078
729	1.45600	-30.754	-43.533	405.241	130.394	-43.083	407.090
730	1.45800	-30.884	-43.492	405.310	130.981	-43.057	407.063
731	1.46000	-30.961	-43.500	405.277	131.613	-43.069	407.066
732	1.46200	-31.045	-43.463	405.296	132.192	-43.038	407.072
733	1.46400	-31.170	-43.468	405.290	132.847	-43.037	407.104
734	1.46600	-31.268	-43.449	405.252	133.460	-43.008	407.121
735	1.46800	-31.349	-43.439	405.251	134.075	-42.996	407.129
736	1.47000	-31.421	-43.451	405.298	134.701	-42.981	407.151
737	1.47200	-31.508	-43.436	405.307	135.309	-42.965	407.146
738	1.47400	-31.599	-43.416	405.259	135.921	-42.967	407.108
739	1.47600	-31.688	-43.406	405.291	136.552	-42.963	407.099
740	1.47800	-31.776	-43.412	405.313	137.164	-42.956	407.132
741	1.48000	-31.851	-43.394	405.335	137.814	-42.945	407.152
742	1.48200	-31.973	-43.367	405.259	138.450	-42.942	407.205
743	1.48400	-32.059	-43.369	405.258	139.094	-42.930	407.188
744	1.48600	-32.166	-43.359	405.265	139.683	-42.934	407.194
745	1.48800	-32.286	-43.337	405.246	140.320	-42.933	407.201
746	1.49000	-32.385	-43.328	405.288	140.927	-42.924	407.175
747	1.49200	-32.452	-43.297	405.243	141.533	-42.907	407.195
748	1.49400	-32.570	-43.290	405.237	142.160	-42.909	407.189
749	1.49600	-32.669	-43.260	405.266	142.759	-42.881	407.158
750	1.49800	-32.736	-43.245	405.301	143.360	-42.890	407.217
751	1.50000	-32.832	-43.236	405.275	144.014	-42.884	407.147
752	1.50200	-32.934	-43.231	405.340	144.646	-42.895	407.157
753	1.50400	-33.025	-43.224	405.327	145.239	-42.863	407.197
754	1.50600	-33.105	-43.233	405.361	145.878	-42.879	407.175
755	1.50800	-33.215	-43.197	405.298	146.503	-42.848	407.189
756	1.51000	-33.325	-43.210	405.272	147.129	-42.849	407.208
757	1.51200	-33.420	-43.199	405.269	147.724	-42.880	407.176
758	1.51400	-33.513	-43.198	405.256	148.374	-42.869	407.201
759	1.51600	-33.595	-43.212	405.223	149.003	-42.873	407.151
760	1.51800	-33.703	-43.205	405.184	149.620	-42.876	407.158
761	1.52000	-33.824	-43.204	405.178	150.222	-42.857	407.145
762	1.52200	-33.895	-43.164	405.211	150.859	-42.870	407.171
763	1.52400	-33.986	-43.196	405.178	151.470	-42.871	407.141
764	1.52600	-34.074	-43.202	405.200	152.091	-42.876	407.186
765	1.52800	-34.141	-43.204	405.224	152.712	-42.898	407.138
766	1.53000	-34.221	-43.213	405.259	153.339	-42.890	407.183
767	1.53200	-34.346	-43.203	405.241	153.935	-42.898	407.186
768	1.53400	-34.451	-43.221	405.295	154.556	-42.911	407.186
769	1.53600	-34.519	-43.226	405.275	155.153	-42.883	407.161
770	1.53800	-34.655	-43.204	405.231	155.784	-42.907	407.190
771	1.54000	-34.749	-43.224	405.231	156.430	-42.894	407.266
772	1.54200	-34.843	-43.228	405.240	157.007	-42.894	407.203
773	1.54400	-34.981	-43.203	405.242	157.630	-42.929	407.256
774	1.54600	-35.083	-43.203	405.239	158.253	-42.921	407.244
775	1.54800	-35.166	-43.235	405.263	158.847	-42.912	407.258
776	1.55000	-35.283	-43.190	405.256	159.485	-42.913	407.228
777	1.55200	-35.364	-43.224	405.258	160.111	-42.942	407.282
778	1.55400	-35.454	-43.251	405.292	160.732	-42.955	407.284
779	1.55600	-35.559	-43.258	405.289	161.331	-42.956	407.290
780	1.55800	-35.661	-43.257	405.309	161.949	-42.968	407.317
781	1.56000	-35.745	-43.257	405.331	162.536	-42.964	407.272
782	1.56200	-35.851	-43.285	405.340	163.147	-42.971	407.307
783	1.56400	-35.967	-43.292	405.347	163.755	-42.978	407.283
784	1.56600	-36.036	-43.317	405.362	164.387	-42.981	407.301
785	1.56800	-36.159	-43.325	405.311	164.989	-42.991	407.324
786	1.57000	-36.256	-43.331	405.366	165.616	-43.008	407.320
787	1.57200	-36.360	-43.331	405.363	166.232	-43.025	407.348
788	1.57400	-36.459	-43.342	405.350	166.848	-43.029	407.339
789	1.57600	-36.582	-43.349	405.322	167.448	-43.031	407.325
790	1.57800	-36.689	-43.341	405.306	168.077	-43.055	407.360
791	1.58000	-36.780	-43.387	405.285	168.684	-43.076	407.352
792	1.58200	-36.869	-43.421	405.320	169.304	-43.089	407.359
793	1.58400	-36.957	-43.462	405.299	169.918	-43.076	407.360
794	1.58600	-37.046	-43.433	405.365	170.543	-43.083	407.344
795	1.58800	-37.147	-43.450	405.351	171.195	-43.119	407.377
796	1.59000	-37.247	-43.480	405.374	171.800	-43.109	407.365
797	1.59200	-37.317	-43.491	405.353	172.411	-43.131	407.397
798	1.59400	-37.406	-43.501	405.330	173.040	-43.119	407.344
799	1.59600	-37.504	-43.528	405.307	173.666	-43.134	407.367
800	1.59800	-37.609	-43.533	405.327	174.247	-43.135	407.350
801	1.60000	-37.696	-43.543	405.304	174.858	-43.136	407.307
802	1.60200	-37.817	-43.560	405.266	175.474	-43.124	407.288
803	1.60400	-37.923	-43.546	405.228	176.101	-43.155	407.304
804	1.60600	-38.001	-43.563	405.172	176.717	-43.157	407.299
805	1.60800	-38.101	-43.593	405.194	177.363	-43.154	407.293
806	1.61000	-38.204	-43.606	405.226	177.970	-43.151	407.321
807	1.61200	-38.317	-43.606	405.256	178.619	-43.178	407.320
808	1.61400	-38.434	-43.616	405.241	179.217	-43.165	407.297
809	1.61600	-38.489	-43.631	405.268	179.829	-43.150	407.327
810	1.61800	-38.607	-43.622	405.285	180.439	-43.151	407.286
811	1.62000	-38.657	-43.650	405.280	181.049	-43.157	407.331
812	1.62200	-38.784	-43.662	405.252	181.667	-43.154	407.329
813	1.62400	-38.878	-43.657	405.284	182.266	-43.155	407.321
814	1.62600	-38.998	-43.679	405.269	182.887	-43.138	407.367
815	1.62800	-39.072	-43.711	405.261	183.502	-43.149	407.319
816	1.63000	-39.210	-43.710	405.231	184.127	-43.163	407.347
817	1.63200	-39.325	-43.717	405.260	184.710	-43.156	407.358
818	1.63400	-39.416	-43.729	405.283	185.325	-43.136	407.367
819	1.63600	-39.494	-43.756	405.285	185.936	-43.137	407.329
820	1.63800	-39.633	-43.752	405.300	186.553	-43.132	407.353
821	1.64000	-39.694	-43.764	405.315	187.163	-43.154	407.392
822	1.64200	-39.796	-43.803	405.314	187.773	-43.146	407.402
823	1.64400	-39.904	-43.792	405.322	188.376	-43.127	407.444
824	1.64600	-40.001	-43.818	405.321	188.981	-43.133	407.431
825	1.64800	-40.114	-43.822	405.306	189.575	-43.116	407.459
826	1.65000	-40.264	-43.804	405.318	190.192	-43.111	407.484
827	1.65200	-40.346	-43.800	405.318	190.817	-43.097	407.464
828	1.65400	-40.460	-43.787	405.313	191.414	-43.083	407.446
829	1.65600	-40.562	-43.783	405.288	192.001	-43.070	407.522
830	1.65800	-40.645	-43.780	405.356	192.606	-43.045	407.481
831	1.66000	-40.773	-43.761	405.326	193.195	-43.034	407.534
832	1.66200	-40.878	-43.748	405.288	193.824	-43.036	407.482
833	1.66400	-40.988	-43.723	405.283	194.435	-43.029	407.472
834	1.66600	-41.082	-43.708	405.326	195.001	-43.006	407.529
835	1.66800	-41.199	-43.732	405.323	195.646	-43.001	407.531
836	1.67000	-41.292	-43.713	405.343	196.267	-42.969	407.459
837	1.67200	-41.331	-43.713	405.383	196.878	-42.984	407.526
838	1.67400	-41.468	-43.693	405.318	197.487	-42.961	407.526
839	1.67600	-41.552	-43.693	405.341	198.128	-42.954	407.491
840	1.67800	-41.626	-43.694	405.331	198.747	-42.935	407.544
841	1.68000	-41.760	-43.681	405.300	199.359	-42.936	407.488
842	1.68200	-41.877	-43.677	405.250	199.959	-42.939	407.527
843	1.68400	-41.991	-43.645	405.210	200.564	-42.891	407.499
844	1.68600	-42.101	-43.639	405.241	201.203	-42.883	407.489
845	1.68800	-42.210	-43.599	405.223	201.797	-42.868	407.499
846	1.69000	-42.315	-43.618	405.256	202.402	-42.842	407.463
847	1.69200	-42.395	-43.592	405.266	203.039	-42.833	407.477
848	1.69400	-42.490	-43.595	405.276	203.640	-42.821	407.479
849	1.69600	-42.631	-43.577	405.256	204.213	-42.802	407.446
850	1.69800	-42.683	-43.585	405.306	204.876	-42.813	407.473
851	1.70000	-42.787	-43.570	405.291	205.454	-42.789	407.503
852	1.70200	-42.904	-43.542	405.274	206.100	-42.785	407.486
853	1.70400	-43.031	-43.533	405.324	206.694	-42.769	407.498
854	1.70600	-43.158	-43.526	405.262	207.268	-42.743	407.490
855	1.70800	-43.253	-43.547	405.239	207.903	-42.741	407.483
856	1.71000	-43.378	-43.521	405.232	208.565	-42.759	407.465
857	1.71200	-43.480	-43.523	405.207	209.141	-42.719	407.505
858	1.71400	-43.563	-43.499	405.263	209.759	-42.722	407.554
859	1.71600	-43.637	-43.500	405.253	210.338	-42.699	407.476
860	1.71800	-43.750	-43.502	405.260	210.983	-42.693	407.571
861	1.72000	-43.839	-43.493	405.271	211.581	-42.695	407.553
862	1.72200	-43.948	-43.489	405.278	212.177	-42.688	407.497
863	1.72400	-44.058	-43.465	405.251	212.784	-42.686	407.580
864	1.72600	-44.174	-43.457	405.269	213.421	-42.654	407.609
865	1.72800	-44.273	-43.489	405.269	213.998	-42.659	407.585
866	1.73000	-44.398	-43.443	405.227	214.609	-42.645	407.521
867	1.73200	-44.516	-43.434	405.245	215.203	-42.652	407.505
868	1.73400	-44.613	-43.424	405.220	215.770	-42.607	407.556
869	1.73600	-44.763	-43.408	405.210	216.404	-42.626	407.544
870	1.73800	-44.831	-43.408	405.258	217.018	-42.598	407.591
871	1.74000	-44.933	-43.392	405.266	217.600	-42.553	407.587
872	1.74200	-45.072	-43.371	405.292	218.235	-42.573	407.639
873	1.74400	-45.142	-43.382	405.272	218.847	-42.551	407.600
874	1.74600	-45.224	-43.375	405.317	219.452	-42.541	407.648
875	1.74800	-45.332	-43.387	405.315	220.054	-42.552	407.626
876	1.75000	-45.444	-43.368	405.310	220.689	-42.541	407.648
877	1.75200	-45.576	-43.350	405.348	221.257	-42.520	407.669
878	1.75400	-45.683	-43.345	405.289	221.865	-42.533	407.576
879	1.75600	-45.811	-43.339	405.294	222.482	-42.537	407.608
880	1.75800	-45.938	-43.336	405.277	223.100	-42.526	407.626
881	1.76000	-46.009	-43.361	405.269	223.676	-42.523	407.568
882	1.76200	-46.132	-43.351	405.252	224.302	-42.509	407.601
883	1.76400	-46.225	-43.347	405.285	224.891	-42.505	407.598
884	1.76600	-46.347	-43.350	405.303	225.521	-42.508	407.599
885	1.76800	-46.419	-43.382	405.296	226.123	-42.488	407.635
886	1.77000	-46.513	-43.363	405.316	226.719	-42.474	407.609
887	1.77200	-46.642	-43.373	405.311	227.362	-42.482	407.641
888	1.77400	-46.733	-43.356	405.310	227.951	-42.471	407.663
889	1.77600	-46.850	-43.363	405.317	228.548	-42.465	407.676
890	1.77800	-46.954	-43.367	405.270	229.206	-42.473	407.653
891	1.78000	-47.077	-43.368	405.311	229.790	-42.453	407.598
892	1.78200	-47.224	-43.352	405.234	230.389	-42.447	407.675
893	1.78400	-47.303	-43.359	405.292	231.015	-42.447	407.640
894	1.78600	-47.420	-43.385	405.267	231.615	-42.434	407.655
895	1.78800	-47.542	-43.367	405.273	232.203	-42.423	407.678
896	1.79000	-47.644	-43.384	405.260	232.840	-42.452	407.666
897	1.79200	-47.738	-43.386	405.293	233.387	-42.449	407.700
898	1.79400	-47.823	-43.402	405.306	234.006	-42.439	407.699
899	1.79600	-47.912	-43.393	405.317	234.628	-42.437	407.627
900	1.79800	-48.043	-43.397	405.277	235.213	-42.432	407.652
901	1.80000	-48.170	-43.408	405.273	235.832	-42.451	407.681
902	1.80200	-48.249	-43.433	405.298	236.454	-42.449	407.610
903	1.80400	-48.381	-43.419	405.291	237.032	-42.448	407.683
904	1.80600	-48.505	-43.427	405.242	237.636	-42.445	407.692
905	1.80800	-48.635	-43.442	405.260	238.242	-42.450	407.653
906	1.81000	-48.750	-43.452	405.245	238.867	-42.465	407.723
907	1.81200	-48.859	-43.462	405.266	239.452	-42.459	407.664
908	1.81400	-48.976	-43.467	405.319	240.077	-42.466	407.695
909	1.81600	-49.071	-43.491	405.342	240.686	-42.488	407.712
910	1.81800	-49.170	-43.502	405.330	241.244	-42.462	407.664
911	1.82000	-49.257	-43.508	405.353	241.913	-42.506	407.708
912	1.82200	-49.361	-43.529	405.363	242.470	-42.479	407.746
913	1.82400	-49.511	-43.546	405.333	243.050	-42.479	407.711
914	1.82600	-49.595	-43.548	405.334	243.696	-42.519	407.734
915	1.82800	-49.702	-43.573	405.367	244.258	-42.480	407.774
916	1.83000	-49.850	-43.576	405.325	244.875	-42.513	407.760
917	1.83200	-49.924	-43.591	405.328	245.495	-42.526	407.795
918	1.83400	-50.050	-43.617	405.336	246.063	-42.519	407.731
919	1.83600	-50.156	-43.625	405.312	246.712	-42.546	407.779
920	1.83800	-50.270	-43.631	405.252	247.273	-42.536	407.787
921	1.84000	-50.373	-43.648	405.240	247.878	-42.555	407.768
922	1.84200	-50.448	-43.669	405.243	248.489	-42.556	407.774
923	1.84400	-50.567	-43.662	405.329	249.093	-42.582	407.731
924	1.84600	-50.671	-43.686	405.294	249.714	-42.588	407.792
925	1.84800	-50.767	-43.691	405.282	250.332	-42.614	407.781
926	1.85000	-50.869	-43.704	405.315	250.924	-42.620	407.780
927	1.85200	-50.992	-43.713	405.266	251.547	-42.611	407.802
928	1.85400	-51.121	-43.705	405.295	252.141	-42.618	407.842
929	1.85600	-51.201	-43.714	405.240	252.764	-42.632	407.769
930	1.85800	-51.342	-43.683	405.276	253.367	-42.636	407.824
931	1.86000	-51.457	-43.704	405.229	253.950	-42.637	407.833
932	1.86200	-51.556	-43.699	405.228	254.563	-42.638	407.817
933	1.86400	-51.661	-43.699	405.226	255.158	-42.630	407.843
934	1.86600	-51.733	-43.712	405.251	255.728	-42.624	407.759
935	1.86800	-51.859	-43.722	405.270	256.353	-42.616	407.759
936	1.87000	-51.955	-43.726	405.258	256.975	-42.631	407.839
937	1.87200	-52.076	-43.742	405.244	257.567	-42.629	407.778
938	1.87400	-52.212	-43.702	405.235	258.185	-42.610	407.812
939	1.87600	-52.316	-43.723	405.246	258.814	-42.642	407.836
940	1.87800	-52.397	-43.734	405.259	259.382	-42.642	407.816
941	1.88000	-52.539	-43.740	405.207	260.039	-42.643	407.809
942	1.88200	-52.635	-43.752	405.196	260.603	-42.627	407.822
943	1.88400	-52.780	-43.763	405.167	261.181	-42.626	407.795
944	1.88600	-52.869	-43.756	405.155	261.833	-42.639	407.788
945	1.88800	-52.996	-43.763	405.196	262.395	-42.629	407.779
946	1.89000	-53.076	-43.757	405.219	262.974	-42.643	407.768
947	1.89200	-53.199	-43.777	405.228	263.597	-42.642	407.748
948	1.89400	-53.323	-43.769	405.279	264.206	-42.649	407.736
949	1.89600	-53.436	-43.747	405.298	264.778	-42.622	407.791
950	1.89800	-53.554	-43.755	405.306	265.400	-42.628	407.835
951	1.90000	-53.696	-43.742	405.310	265.964	-42.612	407.827
952	1.90200	-53.798	-43.744	405.286	266.552	-42.601	407.842
953	1.90400	-53.916	-43.737	405.282	267.190	-42.600	407.854
954	1.90600	-54.055	-43.736	405.253	267.783	-42.591	407.886
955	1.90800	-54.165	-43.713	405.295	268.406	-42.606	407.947
956	1.91000	-54.269	-43.712	405.316	268.980	-42.572	407.940
957	1.91200	-54.369	-43.712	405.314	269.572	-42.571	407.948
958	1.91400	-54.503	-43.702	405.331	270.195	-42.571	407.995
959	1.91600	-54.599	-43.703	405.364	270.781	-42.542	407.869
960	1.91800	-54.706	-43.709	405.363	271.363	-42.558	407.965
961	1.92000	-54.808	-43.710	405.361	271.980	-42.546	407.957
962	1.92200	-54.932	-43.700	405.345	272.563	-42.548	407.951
963	1.92400	-55.049	-43.709	405.331	273.145	-42.541	407.991
964	1.92600	-55.163	-43.696	405.327	273.773	-42.542	407.992
965	1.92800	-55.308	-43.675	405.319	274.370	-42.551	407.993
966	1.93000	-55.412	-43.675	405.318	274.959	-42.533	408.012
967	1.93200	-55.550	-43.674	405.289	275.542	-42.541	407.983
968	1.93400	-55.633	-43.655	405.278	276.184	-42.534	407.975
969	1.93600	-55.780	-43.645	405.304	276.760	-42.509	407.988
970	1.93800	-55.857	-43.611	405.338	277.381	-42.506	407.910
971	1.94000	-55.971	-43.637	405.314	277.962	-42.486	408.003
972	1.94200	-56.087	-43.605	405.343	278.568	-42.461	407.991
973	1.94400	-56.195	-43.596	405.330	279.165	-42.452	407.915
974	1.94600	-56.291	-43.585	405.328	279.776	-42.454	407.975
975	1.94800	-56.422	-43.566	405.300	280.415	-42.446	407.994
976	1.95000	-56.536	-43.554	405.274	280.964	-42.407	407.906
977	1.95200	-56.638	-43.548	405.273	281.620	-42.401	407.996
978	1.95400	-56.764	-43.539	405.234	282.180	-42.413	407.986
979	1.95600	-56.873	-43.535	405.243	282.788	-42.373	407.937
980	1.95800	-57.006	-43.520	405.237	283.423	-42.372	407.958
981	1.96000	-57.102	-43.523	405.248	283.999	-42.331	407.957
982	1.96200	-57.215	-43.492	405.278	284.582	-42.369	407.875
983	1.96400	-57.329	-43.513	405.231	285.228	-42.380	407.903
984	1.96600	-57.425	-43.514	405.265	285.778	-42.356	407.896
985	1.96800	-57.568	-43.503	405.247	286.383	-42.331	407.887
986	1.97000	-57.672	-43.506	405.200	287.034	-42.360	407.947
987	1.97200	-57.783	-43.521	405.244	287.587	-42.315	407.925
988	1.97400	-57.918	-43.481	405.169	288.193	-42.329	407.964
989	1.97600	-58.044	-43.483	405.188	288.797	-42.349	408.003
990	1.97800	-58.132	-43.474	405.199	289.372	-42.300	407.965
991	1.98000	-58.234	-43.471	405.243	289.982	-42.286	408.014
992	1.98200	-58.350	-43.462	405.262	290.597	-42.289	408.030
993	1.98400	-58.473	-43.464	405.304	291.168	-42.261	408.009
994	1.98600	-58.608	-43.468	405.333	291.777	-42.254	408.034
995	1.98800	-58.728	-43.465	405.352	292.373	-42.239	408.051
996	1.99000	-58.826	-43.453	405.351	292.913	-42.233	408.047
997	1.99200	-58.953	-43.446	405.380	293.541	-42.258	408.088
998	1.99400	-59.112	-43.428	405.337	294.120	-42.234	408.059
999	1.99600	-59.234	-43.421	405.299	294.706	-42.238	408.078
1000	1.99800	-59.343	-43.426	405.388	295.335	-42.254	408.079
1001	2.00000	-59.501	-43.426	405.313	295.916	-42.239	408.067
1002	2.00200	-59.584	-43.448	405.349	296.495	-42.224	408.079
1003	2.00400	-59.709	-43.465	405.380	297.120	-42.218	408.178
1004	2.00600	-59.804	-43.475	405.391	297.682	-42.214	408.070
1005	2.00800	-59.929	-43.478	405.411	298.285	-42.203	408.082
1006	2.01000	-60.032	-43.499	405.422	298.912	-42.236	408.165
1007	2.01200	-60.149	-43.492	405.419	299.488	-42.225	408.115
1008	2.01400	-60.277	-43.506	405.370	300.089	-42.191	408.160
1009	2.01600	-60.395	-43.502	405.412	300.703	-42.193	408.180
1010	2.01800	-60.563	-43.483	405.335	301.270	-42.185	408.114
1011	2.02000	-60.678	-43.493	405.321	301.886	-42.196	408.152
1012	2.02200	-60.769	-43.506	405.322	302.486	-42.177	408.214
1013	2.02400	-60.882	-43.508	405.331	303.066	-42.176	408.156
1014	2.02600	-60.988	-43.515	405.308	303.622	-42.156	408.148
1015	2.02800	-61.093	-43.518	405.352	304.238	-42.145	408.194
1016	2.03000	-61.197	-43.536	405.318	304.829	-42.157	408.145
1017	2.03200	-61.319	-43.500	405.358	305.445	-42.154	408.232
1018	2.03400	-61.458	-43.501	405.308	306.031	-42.156	408.192
1019	2.03600	-61.538	-43.512	405.321	306.623	-42.137	408.112
1020	2.03800	-61.656	-43.522	405.285	307.246	-42.160	408.183
1021	2.04000	-61.782	-43.498	405.258	307.815	-42.161	408.135
1022	2.04200	-61.900	-43.494	405.209	308.461	-42.136	408.208
1023	2.04400	-62.021	-43.492	405.206	309.058	-42.130	408.249
1024	2.04600	-62.131	-43.507	405.250	309.607	-42.120	408.178
1025	2.04800	-62.231	-43.519	405.217	310.285	-42.162	408.177
1026	2.05000	-62.324	-43.537	405.240	310.873	-42.159	408.204
1027	2.05200	-62.446	-43.536	405.237	311.432	-42.123	408.093
1028	2.05400	-62.587	-43.525	405.220	312.066	-42.130	408.208
1029	2.05600	-62.703	-43.549	405.219	312.700	-42.127	408.218
1030	2.05800	-62.810	-43.537	405.251	313.244	-42.131	408.213
1031	2.06000	-62.928	-43.554	405.215	313.855	-42.147	408.255
1032	2.06200	-63.084	-43.527	405.218	314.432	-42.138	408.250
1033	2.06400	-63.205	-43.547	405.227	315.009	-42.127	408.182
1034	2.06600	-63.331	-43.559	405.202	315.620	-42.137	408.249
1035	2.06800	-63.475	-43.567	405.219	316.215	-42.144	408.246
1036	2.07000	-63.591	-43.575	405.228	316.787	-42.117	408.210
1037	2.07200	-63.682	-43.599	405.287	317.381	-42.154	408.238
1038	2.07400	-63.831	-43.621	405.282	317.982	-42.134	408.219
1039	2.07600	-63.966	-43.625	405.311	318.552	-42.138	408.280
1040	2.07800	-64.048	-43.647	405.347	319.191	-42.146	408.348
1041	2.08000	-64.201	-43.655	405.307	319.750	-42.149	408.289
1042	2.08200	-64.306	-43.677	405.296	320.359	-42.156	408.255
1043	2.08400	-64.418	-43.715	405.240	320.938	-42.173	408.389
1044	2.08600	-64.559	-43.684	405.278	321.536	-42.159	408.371
1045	2.08800	-64.681	-43.707	405.243	322.128	-42.186	408.321
1046	2.09000	-64.803	-43.724	405.297	322.700	-42.190	408.360
1047	2.09200	-64.915	-43.720	405.284	323.293	-42.187	408.278
1048	2.09400	-65.064	-43.719	405.289	323.884	-42.186	408.325
1049	2.09600	-65.173	-43.729	405.311	324.486	-42.192	408.406
1050	2.09800	-65.260	-43.735	405.335	325.057	-42.185	408.301
1051	2.10000	-65.379	-43.751	405.322	325.662	-42.198	408.333
1052	2.10200	-65.497	-43.761	405.286	326.233	-42.188	408.422
1053	2.10400	-65.667	-43.732	405.310	326.829	-42.193	408.293
1054	2.10600	-65.795	-43.742	405.307	327.396	-42.197	408.423
1055	2.10800	-65.910	-43.741	405.339	327.999	-42.186	408.424
1056	2.11000	-66.030	-43.744	405.291	328.604	-42.198	408.392
1057	2.11200	-66.142	-43.746	405.301	329.222	-42.218	408.434
1058	2.11400	-66.311	-43.730	405.270	329.817	-42.187	408.428
1059	2.11600	-66.397	-43.750	405.306	330.399	-42.210	408.390
1060	2.11800	-66.509	-43.768	405.305	331.017	-42.208	408.439
1061	2.12000	-66.606	-43.776	405.339	331.602	-42.211	408.450
1062	2.12200	-66.721	-43.784	405.349	332.190	-42.215	408.437
1063	2.12400	-66.854	-43.801	405.324	332.807	-42.243	408.521
1064	2.12600	-66.954	-43.818	405.313	333.374	-42.241	408.418
1065	2.12800	-67.078	-43.820	405.265	333.968	-42.226	408.430
1066	2.13000	-67.223	-43.834	405.283	334.582	-42.236	408.459
1067	2.13200	-67.360	-43.843	405.245	335.190	-42.242	408.430
1068	2.13400	-67.467	-43.832	405.255	335.721	-42.223	408.384
1069	2.13600	-67.589	-43.818	405.218	336.369	-42.253	408.487
1070	2.13800	-67.700	-43.849	405.252	336.920	-42.230	408.452
1071	2.14000	-67.813	-43.818	405.282	337.521	-42.233	408.472
1072	2.14200	-67.898	-43.834	405.296	338.143	-42.241	408.518
1073	2.14400	-68.065	-43.814	405.310	338.730	-42.226	408.387
1074	2.14600	-68.186	-43.811	405.330	339.304	-42.208	408.417
1075	2.14800	-68.309	-43.818	405.305	339.929	-42.188	408.472
1076	2.15000	-68.446	-43.792	405.311	340.502	-42.199	408.469
1077	2.15200	-68.542	-43.795	405.322	341.064	-42.184	408.508
1078	2.15400	-68.705	-43.770	405.246	341.695	-42.209	408.499
1079	2.15600	-68.818	-43.773	405.324	342.254	-42.167	408.465
1080	2.15800	-68.945	-43.766	405.264	342.830	-42.151	408.472
1081	2.16000	-69.088	-43.759	405.270	343.431	-42.165	408.577
1082	2.16200	-69.193	-43.757	405.292	344.015	-42.126	408.480
1083	2.16400	-69.310	-43.766	405.369	344.589	-42.122	408.463
1084	2.16600	-69.444	-43.759	405.342	345.197	-42.140	408.560
1085	2.16800	-69.582	-43.756	405.338	345.773	-42.126	408.439
1086	2.17000	-69.700	-43.767	405.303	346.339	-42.129	408.512
1087	2.17200	-69.838	-43.766	405.276	346.965	-42.117	408.587
1088	2.17400	-69.950	-43.768	405.286	347.527	-42.105	408.498
1089	2.17600	-70.078	-43.747	405.281	348.121	-42.098	408.532
1090	2.17800	-70.202	-43.754	405.256	348.717	-42.100	408.582
1091	2.18000	-70.313	-43.747	405.289	349.302	-42.080	408.544
1092	2.18200	-70.446	-43.723	405.295	349.848	-42.065	408.620
1093	2.18400	-70.532	-43.761	405.299	350.492	-42.060	408.614
1094	2.18600	-70.686	-43.711	405.313	351.072	-42.068	408.632
1095	2.18800	-70.785	-43.708	405.290	351.641	-42.034	408.676
1096	2.19000	-70.930	-43.695	405.274	352.246	-42.054	408.671
1097	2.19200	-71.049	-43.692	405.294	352.788	-41.996	408.617
1098	2.19400	-71.215	-43.672	405.241	353.398	-41.990	408.661
1099	2.19600	-71.315	-43.641	405.273	354.015	-42.003	408.716
1100	2.19800	-71.431	-43.657	405.261	354.581	-42.000	408.621
1101	2.20000	-71.583	-43.639	405.277	355.163	-41.973	408.674
1102	2.20200	-71.674	-43.634	405.312	355.769	-41.995	408.712
1103	2.20400	-71.788	-43.644	405.299	356.356	-41.957	408.594
1104	2.20600	-71.881	-43.653	405.346	356.935	-41.965	408.615
1105	2.20800	-72.025	-43.648	405.240	357.554	-41.972	408.670
1106	2.21000	-72.152	-43.625	405.281	358.120	-41.941	408.611
1107	2.21200	-72.298	-43.603	405.275	358.732	-41.935	408.633
1108	2.21400	-72.429	-43.604	405.260	359.324	-41.921	408.696
1109	2.21600	-72.530	-43.585	405.226	359.910	-41.915	408.653
1110	2.21800	-72.694	-43.591	405.242	360.506	-41.909	408.667
1111	2.22000	-72.816	-43.560	405.215	361.119	-41.888	408.675
1112	2.22200	-72.910	-43.578	405.240	361.710	-41.879	408.674
1113	2.22400	-73.007	-43.566	405.240	362.293	-41.889	408.714
1114	2.22600	-73.148	-43.547	405.224	362.860	-41.860	408.696
1115	2.22800	-73.280	-43.516	405.230	363.448	-41.841	408.679
1116	2.23000	-73.427	-43.527	405.203	364.065	-41.852	408.672
1117	2.23200	-73.542	-43.511	405.224	364.655	-41.836	408.696
1118	2.23400	-73.671	-43.492	405.198	365.210	-41.801	408.711
1119	2.23600	-73.824	-43.464	405.224	365.792	-41.823	408.663
1120	2.23800	-73.953	-43.481	405.222	366.410	-41.830	408.723
1121	2.24000	-74.053	-43.505	405.224	366.955	-41.789	408.705
1122	2.24200	-74.176	-43.492	405.255	367.590	-41.810	408.724
1123	2.24400	-74.298	-43.497	405.253	368.142	-41.828	408.766
1124	2.24600	-74.410	-43.529	405.265	368.726	-41.784	408.743
1125	2.24800	-74.559	-43.515	405.237	369.319	-41.821	408.746
1126	2.25000	-74.687	-43.507	405.268	369.918	-41.818	408.782
1127	2.25200	-74.838	-43.514	405.252	370.523	-41.807	408.752
1128	2.25400	-74.958	-43.527	405.262	371.105	-41.824	408.771
1129	2.25600	-75.123	-43.528	405.221	371.681	-41.824	408.822
1130	2.25800	-75.241	-43.522	405.197	372.236	-41.825	408.785
1131	2.26000	-75.361	-43.535	405.207	372.809	-41.824	408.860
1132	2.26200	-75.486	-43.559	405.240	373.425	-41.835	408.856
1133	2.26400	-75.589	-43.543	405.251	373.988	-41.829	408.901
1134	2.26600	-75.730	-43.544	405.269	374.578	-41.804	408.889
1135	2.26800	-75.839	-43.574	405.327	375.156	-41.803	408.878
1136	2.27000	-76.009	-43.539	405.329	375.696	-41.787	408.814
1137	2.27200	-76.107	-43.548	405.342	376.278	-41.778	408.910
1138	2.27400	-76.223	-43.555	405.352	376.875	-41.793	408.898
1139	2.27600	-76.389	-43.551	405.289	377.449	-41.796	408.846
1140	2.27800	-76.547	-43.534	405.249	378.047	-41.792	408.886
1141	2.28000	-76.663	-43.539	405.282	378.655	-41.808	408.909
1142	2.28200	-76.796	-43.527	405.323	379.200	-41.774	408.873
1143	2.28400	-76.935	-43.524	405.319	379.793	-41.796	408.863
1144	2.28600	-77.032	-43.564	405.334	380.421	-41.802	408.963
1145	2.28800	-77.151	-43.561	405.355	380.997	-41.791	408.936
1146	2.29000	-77.291	-43.563	405.283	381.566	-41.793	408.909
1147	2.29200	-77.400	-43.572	405.329	382.161	-41.795	408.951
1148	2.29400	-77.529	-43.573	405.247	382.737	-41.809	408.958
1149	2.29600	-77.696	-43.568	405.275	383.346	-41.813	408.901
1150	2.29800	-77.815	-43.597	405.275	383.938	-41.800	408.951
1151	2.30000	-77.947	-43.566	405.282	384.485	-41.788	408.883
1152	2.30200	-78.064	-43.575	405.270	385.069	-41.777	408.917
1153	2.30400	-78.205	-43.578	405.266	385.669	-41.795	408.927
1154	2.30600	-78.313	-43.620	405.291	386.248	-41.792	408.853
1155	2.30800	-78.423	-43.638	405.291	386.786	-41.765	408.886
1156	2.31000	-78.523	-43.646	405.304	387.419	-41.770	408.896
1157	2.31200	-78.703	-43.636	405.307	388.011	-41.785	408.915
1158	2.31400	-78.828	-43.655	405.317	388.566	-41.750	408.915
1159	2.31600	-78.970	-43.645	405.279	389.185	-41.788	408.969
1160	2.31800	-79.119	-43.650	405.286	389.773	-41.784	408.956
1161	2.32000	-79.250	-43.664	405.307	390.347	-41.795	408.924
1162	2.32200	-79.398	-43.658	405.291	390.955	-41.784	409.028
1163	2.32400	-79.489	-43.700	405.306	391.518	-41.798	409.006
1164	2.32600	-79.608	-43.713	405.316	392.097	-41.796	408.975
1165	2.32800	-79.728	-43.741	405.339	392.686	-41.795	409.004
1166	2.33000	-79.850	-43.753	405.350	393.259	-41.777	409.007
1167	2.33200	-80.000	-43.760	405.334	393.834	-41.795	408.952
1168	2.33400	-80.125	-43.756	405.321	394.406	-41.790	409.080
1169	2.33600	-80.309	-43.749	405.279	394.980	-41.777	409.019
1170	2.33800	-80.427	-43.779	405.279	395.597	-41.787	408.998
1171	2.34000	-80.529	-43.792	405.314	396.149	-41.807	409.070
1172	2.34200	-80.671	-43.782	405.276	396.717	-41.808	409.049
1173	2.34400	-80.809	-43.797	405.240	397.309	-41.790	408.997
1174	2.34600	-80.939	-43.795	405.272	397.897	-41.794	409.002
1175	2.34800	-81.058	-43.791	405.315	398.467	-41.802	409.107
1176	2.35000	-81.178	-43.787	405.337	399.045	-41.792	409.064
1177	2.35200	-81.301	-43.808	405.325	399.651	-41.786	409.105
1178	2.35400	-81.437	-43.785	405.310	400.215	-41.764	409.119
1179	2.35600	-81.594	-43.780	405.305	400.814	-41.793	409.044
1180	2.35800	-81.736	-43.783	405.301	401.391	-41.802	409.101
1181	2.36000	-81.837	-43.785	405.280	401.968	-41.811	409.158
1182	2.36200	-81.969	-43.787	405.266	402.537	-41.775	409.131
1183	2.36400	-82.087	-43.815	405.289	403.117	-41.783	409.122
1184	2.36600	-82.220	-43.803	405.331	403.738	-41.798	409.166
1185	2.36800	-82.333	-43.822	405.309	404.309	-41.771	409.156
1186	2.37000	-82.450	-43.829	405.320	404.862	-41.787	409.121
1187	2.37200	-82.575	-43.824	405.329	405.458	-41.768	409.195
1188	2.37400	-82.731	-43.821	405.302	406.036	-41.789	409.164
1189	2.37600	-82.892	-43.826	405.252	406.598	-41.762	409.097
1190	2.37800	-82.994	-43.822	405.298	407.213	-41.771	409.193
1191	2.38000	-83.126	-43.842	405.252	407.756	-41.766	409.173
1192	2.38200	-83.314	-43.829	405.243	408.357	-41.767	409.110
1193	2.38400	-83.401	-43.831	405.223	408.977	-41.757	409.232
1194	2.38600	-83.536	-43.854	405.289	409.541	-41.738	409.181
1195	2.38800	-83.641	-43.846	405.278	410.101	-41.727	409.133
1196	2.39000	-83.791	-43.842	405.308	410.719	-41.733	409.163
1197	2.39200	-83.942	-43.829	405.258	411.290	-41.715	409.174
1198	2.39400	-84.029	-43.851	405.273	411.895	-41.712	409.153
1199	2.39600	-84.182	-43.845	405.223	412.461	-41.686	409.063
1200	2.39800	-84.303	-43.841	405.245	413.031	-41.690	409.217
1201	2.40000	-84.450	-43.820	405.218	413.631	-41.682	409.139
1202	2.40200	-84.589	-43.817	405.215	414.209	-41.657	409.124
1203	2.40400	-84.712	-43.818	405.259	414.769	-41.650	409.161
1204	2.40600	-84.845	-43.824	405.268	415.340	-41.632	409.173
1205	2.40800	-84.954	-43.818	405.302	415.927	-41.643	409.162
1206	2.41000	-85.101	-43.849	405.289	416.464	-41.638	409.171
1207	2.41200	-85.221	-43.849	405.265	417.054	-41.645	409.201
1208	2.41400	-85.372	-43.841	405.238	417.655	-41.647	409.183
1209	2.41600	-85.501	-43.854	405.282	418.239	-41.642	409.180
1210	2.41800	-85.638	-43.832	405.245	418.815	-41.639	409.270
1211	2.42000	-85.778	-43.832	405.287	419.360	-41.613	409.240
1212	2.42200	-85.924	-43.807	405.238	419.935	-41.600	409.313
1213	2.42400	-86.078	-43.799	405.278	420.558	-41.599	409.281
1214	2.42600	-86.195	-43.789	405.300	421.105	-41.584	409.310
1215	2.42800	-86.320	-43.815	405.311	421.701	-41.589	409.361
1216	2.43000	-86.483	-43.804	405.340	422.247	-41.563	409.332
1217	2.43200	-86.665	-43.775	405.287	422.828	-41.571	409.307
1218	2.43400	-86.799	-43.765	405.307	423.365	-41.547	409.371
1219	2.43600	-86.928	-43.763	405.339	423.995	-41.563	409.349
1220	2.43800	-87.064	-43.750	405.381	424.543	-41.534	409.363
1221	2.44000	-87.223	-43.732	405.342	425.068	-41.529	409.343
1222	2.44200	-87.329	-43.745	405.343	425.669	-41.521	409.396
1223	2.44400	-87.478	-43.755	405.386	426.227	-41.524	409.370
1224	2.44600	-87.605	-43.749	405.395	426.818	-41.501	409.371
1225	2.44800	-87.718	-43.749	405.429	427.406	-41.507	409.405
1226	2.45000	-87.877	-43.741	405.435	427.946	-41.505	409.438
1227	2.45200	-88.002	-43.763	405.402	428.528	-41.491	409.423
1228	2.45400	-88.158	-43.756	405.420	429.097	-41.502	409.448
1229	2.45600	-88.302	-43.767	405.395	429.663	-41.490	409.466
1230	2.45800	-88.429	-43.744	405.348	430.255	-41.496	409.438
1231	2.46000	-88.558	-43.775	405.359	430.862	-41.507	409.502
1232	2.46200	-88.709	-43.744	405.343	431.438	-41.480	409.453
1233	2.46400	-88.825	-43.747	405.399	432.016	-41.505	409.490
1234	2.46600	-88.952	-43.759	405.376	432.596	-41.506	409.494
1235	2.46800	-89.086	-43.745	405.441	433.159	-41.481	409.454
1236	2.47000	-89.226	-43.745	405.394	433.726	-41.453	409.456
1237	2.47200	-89.313	-43.751	405.420	434.327	-41.471	409.436
1238	2.47400	-89.471	-43.751	405.348	434.867	-41.477	409.488
1239	2.47600	-89.634	-43.723	405.320	435.469	-41.474	409.479
1240	2.47800	-89.773	-43.717	405.340	436.025	-41.454	409.463
1241	2.48000	-89.918	-43.707	405.304	436.626	-41.442	409.438
1242	2.48200	-90.022	-43.711	405.327	437.221	-41.450	409.427
1243	2.48400	-90.155	-43.701	405.348	437.782	-41.465	409.440
1244	2.48600	-90.279	-43.721	405.337	438.376	-41.443	409.461
1245	2.48800	-90.434	-43.714	405.288	438.936	-41.430	409.509
1246	2.49000	-90.541	-43.705	405.277	439.537	-41.476	409.459
1247	2.49200	-90.673	-43.710	405.220	440.146	-41.478	409.484
1248	2.49400	-90.783	-43.724	405.199	440.676	-41.447	409.494
1249	2.49600	-90.918	-43.716	405.107	441.273	-41.462	409.461
1250	2.49800	-91.047	-43.712	405.162	441.893	-41.462	409.481
1251	2.50000	-91.190	-43.700	405.148	442.441	-41.470	409.486
1252	2.50200	-91.276	-43.702	405.218	442.990	-41.462	409.473
1253	2.50400	-91.410	-43.724	405.218	443.564	-41.459	409.462
1254	2.50600	-91.554	-43.717	405.226	444.126	-41.453	409.376
1255	2.50800	-91.690	-43.693	405.212	444.731	-41.485	409.437
1256	2.51000	-91.814	-43.716	405.246	445.267	-41.475	409.501
1257	2.51200	-91.948	-43.724	405.234	445.823	-41.444	409.516
1258	2.51400	-92.117	-43.705	405.228	446.428	-41.471	409.495
1259	2.51600	-92.294	-43.693	405.188	446.968	-41.431	409.525
1260	2.51800	-92.419	-43.695	405.210	447.537	-41.458	409.550
1261	2.52000	-92.565	-43.708	405.231	448.110	-41.463	409.557
1262	2.52200	-92.669	-43.709	405.300	448.686	-41.457	409.595
1263	2.52400	-92.806	-43.706	405.298	449.240	-41.459	409.576
1264	2.52600	-92.922	-43.732	405.277	449.840	-41.466	409.630
1265	2.52800	-93.071	-43.734	405.308	450.406	-41.475	409.624
1266	2.53000	-93.252	-43.724	405.313	450.971	-41.466	409.582
1267	2.53200	-93.387	-43.729	405.323	451.559	-41.472	409.602
1268	2.53400	-93.565	-43.732	405.273	452.105	-41.461	409.662
1269	2.53600	-93.703	-43.711	405.304	452.647	-41.467	409.696
1270	2.53800	-93.837	-43.733	405.303	453.226	-41.461	409.708
1271	2.54000	-93.957	-43.755	405.293	453.801	-41.474	409.694
1272	2.54200	-94.069	-43.769	405.339	454.355	-41.466	409.748
1273	2.54400	-94.252	-43.745	405.310	454.922	-41.480	409.715
1274	2.54600	-94.385	-43.754	405.365	455.480	-41.486	409.719
1275	2.54800	-94.569	-43.762	405.315	456.051	-41.460	409.720
1276	2.55000	-94.732	-43.722	405.320	456.659	-41.469	409.729
1277	2.55200	-94.863	-43.740	405.298	457.165	-41.461	409.710
1278	2.55400	-94.978	-43.749	405.288	457.761	-41.472	409.727
1279	2.55600	-95.074	-43.768	405.291	458.306	-41.448	409.727
1280	2.55800	-95.220	-43.760	405.300	458.879	-41.463	409.758
1281	2.56000	-95.344	-43.800	405.324	459.446	-41.446	409.805
1282	2.56200	-95.493	-43.782	405.343	460.003	-41.439	409.750
1283	2.56400	-95.620	-43.775	405.353	460.640	-41.459	409.711
1284	2.56600	-95.792	-43.783	405.293	461.194	-41.426	409.730
1285	2.56800	-95.933	-43.765	405.279	461.781	-41.433	409.756
1286	2.57000	-96.074	-43.768	405.278	462.338	-41.438	409.763
1287	2.57200	-96.196	-43.791	405.245	462.922	-41.438	409.726
1288	2.57400	-96.335	-43.789	405.221	463.500	-41.429	409.699
1289	2.57600	-96.458	-43.792	405.244	464.074	-41.429	409.716
1290	2.57800	-96.563	-43.810	405.280	464.660	-41.427	409.726
1291	2.58000	-96.740	-43.808	405.297	465.202	-41.415	409.704
1292	2.58200	-96.877	-43.807	405.273	465.782	-41.425	409.714
1293	2.58400	-97.048	-43.811	405.258	466.347	-41.431	409.670
1294	2.58600	-97.169	-43.807	405.281	466.863	-41.388	409.720
1295	2.58800	-97.311	-43.833	405.269	467.448	-41.407	409.722
1296	2.59000	-97.444	-43.849	405.269	468.023	-41.406	409.827
1297	2.59200	-97.609	-43.830	405.197	468.620	-41.420	409.778
1298	2.59400	-97.738	-43.826	405.253	469.184	-41.419	409.849
1299	2.59600	-97.851	-43.842	405.277	469.730	-41.411	409.847
1300	2.59800	-98.019	-43.864	405.319	470.320	-41.440	409.845
1301	2.60000	-98.129	-43.857	405.353	470.891	-41.423	409.871
1302	2.60200	-98.299	-43.863	405.316	471.441	-41.427	409.903
1303	2.60400	-98.415	-43.873	405.306	472.018	-41.418	409.881
1304	2.60600	-98.537	-43.908	405.308	472.580	-41.429	409.925
1305	2.60800	-98.708	-43.881	405.291	473.144	-41.404	409.876
1306	2.61000	-98.864	-43.875	405.311	473.701	-41.401	409.883
1307	2.61200	-99.012	-43.887	405.332	474.272	-41.417	409.923
1308	2.61400	-99.169	-43.866	405.339	474.821	-41.411	409.940
1309	2.61600	-99.313	-43.878	405.383	475.366	-41.402	409.940
1310	2.61800	-99.413	-43.907	405.409	475.935	-41.429	409.953
1311	2.62000	-99.550	-43.918	405.352	476.492	-41.428	409.964
1312	2.62200	-99.731	-43.889	405.301	477.045	-41.414	409.940
1313	2.62400	-99.855	-43.913	405.336	477.607	-41.410	409.882
1314	2.62600	-100.010	-43.892	405.344	478.184	-41.400	409.948
1315	2.62800	-100.159	-43.875	405.341	478.731	-41.376	409.931
1316	2.63000	-100.333	-43.869	405.337	479.314	-41.394	409.938
1317	2.63200	-100.462	-43.879	405.337	479.878	-41.365	409.931
1318	2.63400	-100.558	-43.897	405.341	480.435	-41.342	409.951
1319	2.63600	-100.697	-43.901	405.340	481.015	-41.345	409.967
1320	2.63800	-100.800	-43.900	405.342	481.573	-41.340	409.937
1321	2.64000	-100.976	-43.902	405.315	482.160	-41.350	409.989
1322	2.64200	-101.106	-43.879	405.337	482.729	-41.342	410.037
1323	2.64400	-101.265	-43.879	405.267	483.273	-41.320	409.977
1324	2.64600	-101.396	-43.864	405.266	483.869	-41.334	410.022
1325	2.64800	-101.546	-43.866	405.298	484.393	-41.291	409.991
1326	2.65000	-101.664	-43.859	405.299	484.989	-41.290	410.058
1327	2.65200	-101.784	-43.857	405.299	485.523	-41.291	409.960
1328	2.65400	-101.900	-43.899	405.269	486.102	-41.284	409.958
1329	2.65600	-102.036	-43.873	405.278	486.676	-41.286	410.000
1330	2.65800	-102.158	-43.856	405.267	487.234	-41.270	410.000
1331	2.66000	-102.314	-43.851	405.264	487.795	-41.255	410.013
1332	2.66200	-102.491	-43.811	405.281	488.366	-41.272	409.986
1333	2.66400	-102.611	-43.829	405.316	488.928	-41.246	410.028
1334	2.66600	-102.745	-43.824	405.271	489.457	-41.234	409.979
1335	2.66800	-102.879	-43.827	405.237	490.056	-41.247	410.002
1336	2.67000	-103.005	-43.822	405.226	490.618	-41.243	410.038
1337	2.67200	-103.174	-43.821	405.279	491.202	-41.233	409.969
1338	2.67400	-103.315	-43.819	405.256	491.750	-41.224	410.037
1339	2.67600	-103.476	-43.787	405.274	492.309	-41.223	410.117
1340	2.67800	-103.628	-43.776	405.272	492.892	-41.216	410.093
1341	2.68000	-103.761	-43.782	405.283	493.443	-41.199	410.119
1342	2.68200	-103.911	-43.782	405.270	493.999	-41.206	410.068
1343	2.68400	-104.042	-43.769	405.247	494.580	-41.211	410.104
1344	2.68600	-104.203	-43.769	405.245	495.101	-41.183	410.093
1345	2.68800	-104.346	-43.772	405.312	495.640	-41.167	410.124
1346	2.69000	-104.455	-43.770	405.369	496.224	-41.167	410.166
1347	2.69200	-104.655	-43.776	405.342	496.760	-41.169	410.172
1348	2.69400	-104.780	-43.756	405.341	497.327	-41.162	410.139
1349	2.69600	-104.926	-43.782	405.307	497.888	-41.167	410.196
1350	2.69800	-105.091	-43.794	405.238	498.460	-41.177	410.173
1351	2.70000	-105.234	-43.787	405.248	498.992	-41.167	410.145
1352	2.70200	-105.339	-43.793	405.250	499.554	-41.169	410.158
1353	2.70400	-105.515	-43.792	405.336	500.126	-41.171	410.206
1354	2.70600	-105.661	-43.800	405.336	500.658	-41.158	410.223
1355	2.70800	-105.827	-43.764	405.365	501.214	-41.140	410.225
1356	2.71000	-105.936	-43.792	405.357	501.790	-41.143	410.250
1357	2.71200	-106.102	-43.776	405.331	502.326	-41.133	410.285
1358	2.71400	-106.240	-43.789	405.320	502.857	-41.132	410.277
1359	2.71600	-106.383	-43.791	405.320	503.424	-41.102	410.253
1360	2.71800	-106.547	-43.785	405.284	503.975	-41.121	410.355
1361	2.72000	-106.683	-43.762	405.338	504.563	-41.113	410.269
1362	2.72200	-106.826	-43.762	405.360	505.094	-41.103	410.243
1363	2.72400	-106.949	-43.785	405.329	505.699	-41.107	410.290
1364	2.72600	-107.123	-43.760	405.358	506.246	-41.116	410.311
1365	2.72800	-107.263	-43.775	405.325	506.802	-41.086	410.254
1366	2.73000	-107.397	-43.746	405.290	507.350	-41.111	410.357
1367	2.73200	-107.545	-43.762	405.357	507.931	-41.124	410.378
1368	2.73400	-107.721	-43.757	405.331	508.466	-41.075	410.301
1369	2.73600	-107.844	-43.744	405.343	509.035	-41.110	410.319
1370	2.73800	-108.009	-43.774	405.331	509.593	-41.105	410.361
1371	2.74000	-108.129	-43.787	405.344	510.184	-41.108	410.312
1372	2.74200	-108.270	-43.787	405.366	510.719	-41.108	410.370
1373	2.74400	-108.402	-43.790	405.333	511.299	-41.110	410.372
1374	2.74600	-108.541	-43.812	405.300	511.827	-41.111	410.408
1375	2.74800	-108.664	-43.833	405.291	512.394	-41.141	410.367
1376	2.75000	-108.855	-43.800	405.319	512.930	-41.137	410.380
1377	2.75200	-108.999	-43.810	405.296	513.522	-41.146	410.393
1378	2.75400	-109.172	-43.802	405.315	514.037	-41.136	410.363
1379	2.75600	-109.300	-43.812	405.317	514.616	-41.106	410.353
1380	2.75800	-109.426	-43.822	405.318	515.199	-41.134	410.370
1381	2.76000	-109.534	-43.832	405.343	515.709	-41.128	410.424
1382	2.76200	-109.645	-43.864	405.358	516.263	-41.111	410.346
1383	2.76400	-109.839	-43.841	405.342	516.782	-41.109	410.393
1384	2.76600	-109.976	-43.859	405.353	517.355	-41.123	410.396
1385	2.76800	-110.136	-43.839	405.340	517.946	-41.123	410.395
1386	2.77000	-110.292	-43.850	405.328	518.510	-41.120	410.430
1387	2.77200	-110.478	-43.853	405.313	519.069	-41.123	410.454
1388	2.77400	-110.611	-43.854	405.303	519.599	-41.109	410.477
1389	2.77600	-110.721	-43.889	405.295	520.180	-41.109	410.441
1390	2.77800	-110.868	-43.884	405.261	520.711	-41.105	410.394
1391	2.78000	-110.955	-43.909	405.322	521.296	-41.141	410.491
1392	2.78200	-111.138	-43.885	405.295	521.839	-41.131	410.481
1393	2.78400	-111.282	-43.877	405.306	522.399	-41.129	410.458
1394	2.78600	-111.463	-43.865	405.246	522.952	-41.151	410.498
1395	2.78800	-111.631	-43.849	405.288	523.487	-41.121	410.566
1396	2.79000	-111.743	-43.883	405.281	524.034	-41.128	410.464
1397	2.79200	-111.898	-43.895	405.269	524.575	-41.128	410.564
1398	2.79400	-112.022	-43.922	405.260	525.123	-41.127	410.547
1399	2.79600	-112.146	-43.907	405.294	525.677	-41.150	410.501
1400	2.79800	-112.323	-43.910	405.336	526.217	-41.123	410.544
1401	2.80000	-112.469	-43.903	405.325	526.769	-41.140	410.629
1402	2.80200	-112.630	-43.890	405.379	527.346	-41.163	410.630
1403	2.80400	-112.814	-43.920	405.343	527.890	-41.158	410.495
1404	2.80600	-112.923	-43.917	405.334	528.433	-41.134	410.560
1405	2.80800	-113.038	-43.960	405.371	528.965	-41.162	410.589
1406	2.81000	-113.212	-43.934	405.335	529.552	-41.144	410.599
1407	2.81200	-113.353	-43.935	405.357	530.103	-41.156	410.621
1408	2.81400	-113.499	-43.929	405.413	530.642	-41.149	410.661
1409	2.81600	-113.634	-43.938	405.380	531.219	-41.167	410.753
1410	2.81800	-113.800	-43.932	405.412	531.757	-41.135	410.691
1411	2.82000	-113.934	-43.922	405.345	532.302	-41.128	410.706
1412	2.82200	-114.080	-43.931	405.346	532.870	-41.124	410.769
1413	2.82400	-114.217	-43.946	405.313	533.434	-41.109	410.750
1414	2.82600	-114.392	-43.925	405.299	533.955	-41.123	410.708
1415	2.82800	-114.544	-43.924	405.355	534.537	-41.140	410.774
1416	2.83000	-114.674	-43.942	405.334	535.092	-41.144	410.756
1417	2.83200	-114.809	-43.937	405.357	535.609	-41.113	410.666
1418	2.83400	-114.963	-43.942	405.346	536.130	-41.106	410.637
1419	2.83600	-115.127	-43.934	405.333	536.709	-41.099	410.695
1420	2.83800	-115.255	-43.948	405.290	537.267	-41.127	410.687
1421	2.84000	-115.378	-43.950	405.247	537.799	-41.096	410.655
1422	2.84200	-115.522	-43.963	405.270	538.398	-41.111	410.646
1423	2.84400	-115.711	-43.932	405.277	538.945	-41.111	410.741
1424	2.84600	-115.877	-43.933	405.309	539.482	-41.101	410.676
1425	2.84800	-116.014	-43.940	405.299	540.026	-41.080	410.718
1426	2.85000	-116.164	-43.944	405.310	540.595	-41.075	410.694
1427	2.85200	-116.294	-43.943	405.322	541.168	-41.095	410.684
1428	2.85400	-116.439	-43.954	405.301	541.694	-41.057	410.723
1429	2.85600	-116.606	-43.933	405.254	542.239	-41.077	410.752
1430	2.85800	-116.793	-43.915	405.295	542.784	-41.072	410.834
1431	2.86000	-116.962	-43.898	405.271	543.298	-41.067	410.784
1432	2.86200	-117.089	-43.911	405.318	543.864	-41.035	410.749
1433	2.86400	-117.247	-43.910	405.339	544.376	-41.049	410.786
1434	2.86600	-117.353	-43.932	405.332	544.963	-41.069	410.893
1435	2.86800	-117.541	-43.920	405.307	545.499	-41.051	410.812
1436	2.87000	-117.676	-43.928	405.274	546.006	-41.043	410.837
1437	2.87200	-117.848	-43.913	405.295	546.523	-41.010	410.899
1438	2.87400	-117.997	-43.900	405.339	547.118	-41.041	410.912
1439	2.87600	-118.178	-43.869	405.314	547.656	-41.031	410.806
1440	2.87800	-118.309	-43.887	405.360	548.165	-41.014	410.874
1441	2.88000	-118.445	-43.901	405.351	548.750	-41.058	410.975
1442	2.88200	-118.597	-43.888	405.373	549.291	-41.007	410.906
1443	2.88400	-118.730	-43.907	405.330	549.825	-41.024	410.945
1444	2.88600	-118.867	-43.920	405.320	550.389	-41.000	410.975
1445	2.88800	-119.011	-43.910	405.354	550.925	-40.982	411.004
1446	2.89000	-119.172	-43.915	405.376	551.516	-41.017	410.911
1447	2.89200	-119.364	-43.869	405.372	552.042	-40.987	411.080
1448	2.89400	-119.514	-43.890	405.373	552.603	-40.993	411.060
1449	2.89600	-119.643	-43.908	405.353	553.125	-40.996	410.966
1450	2.89800	-119.750	-43.916	405.401	553.671	-40.983	411.052
1451	2.90000	-119.888	-43.931	405.369	554.228	-41.000	410.989
1452	2.90200	-120.065	-43.890	405.389	554.752	-41.001	411.061
1453	2.90400	-120.201	-43.907	405.424	555.296	-41.009	410.971
1454	2.90600	-120.403	-43.893	405.432	555.833	-40.976	410.875
1455	2.90800	-120.548	-43.891	405.376	556.350	-40.984	411.038
1456	2.91000	-120.687	-43.901	405.389	556.900	-40.991	411.028
1457	2.91200	-120.833	-43.897	405.356	557.455	-40.968	410.980
1458	2.91400	-120.968	-43.922	405.314	558.001	-40.967	410.936
1459	2.91600	-121.089	-43.920	405.316	558.552	-40.959	410.952
1460	2.91800	-121.217	-43.916	405.374	559.120	-40.954	411.000
1461	2.92000	-121.396	-43.883	405.304	559.676	-40.936	410.969
1462	2.92200	-121.548	-43.886	405.316	560.209	-40.954	410.967
1463	2.92400	-121.707	-43.871	405.326	560.805	-40.958	411.103
1464	2.92600	-121.845	-43.863	405.305	561.314	-40.920	410.982
1465	2.92800	-121.989	-43.875	405.262	561.836	-40.910	410.979
1466	2.93000	-122.108	-43.867	405.264	562.446	-40.904	411.106
1467	2.93200	-122.227	-43.879	405.279	563.009	-40.915	411.067
1468	2.93400	-122.414	-43.880	405.288	563.482	-40.894	411.035
1469	2.93600	-122.569	-43.854	405.343	564.048	-40.899	410.993
1470	2.93800	-122.764	-43.818	405.295	564.630	-40.927	411.130
1471	2.94000	-122.882	-43.846	405.321	565.122	-40.900	411.067
1472	2.94200	-123.037	-43.857	405.243	565.651	-40.871	411.060
1473	2.94400	-123.215	-43.848	405.230	566.198	-40.890	411.074
1474	2.94600	-123.368	-43.851	405.242	566.761	-40.923	411.135
1475	2.94800	-123.499	-43.855	405.278	567.285	-40.863	411.037
1476	2.95000	-123.665	-43.850	405.378	567.805	-40.869	411.070
1477	2.95200	-123.855	-43.839	405.331	568.353	-40.871	411.109
1478	2.95400	-123.989	-43.851	405.344	568.877	-40.879	411.163
1479	2.95600	-124.133	-43.859	405.345	569.417	-40.869	411.084
1480	2.95800	-124.307	-43.871	405.311	569.953	-40.825	411.081
1481	2.96000	-124.419	-43.872	405.326	570.513	-40.843	411.213
1482	2.96200	-124.610	-43.880	405.313	571.073	-40.839	411.294
1483	2.96400	-124.782	-43.868	405.379	571.585	-40.821	411.187
1484	2.96600	-124.897	-43.858	405.405	572.157	-40.832	411.142
1485	2.96800	-125.058	-43.880	405.417	572.683	-40.811	411.253
1486	2.97000	-125.208	-43.883	405.362	573.221	-40.827	411.230
1487	2.97200	-125.352	-43.870	405.351	573.740	-40.828	411.138
1488	2.97400	-125.499	-43.906	405.365	574.280	-40.841	411.290
1489	2.97600	-125.673	-43.901	405.341	574.813	-40.852	411.399
1490	2.97800	-125.846	-43.886	405.363	575.383	-40.821	411.308
1491	2.98000	-125.988	-43.892	405.387	575.865	-40.781	411.237
1492	2.98200	-126.125	-43.904	405.401	576.408	-40.820	411.350
1493	2.98400	-126.274	-43.908	405.413	576.951	-40.818	411.311
1494	2.98600	-126.452	-43.911	405.367	577.497	-40.819	411.179
1495	2.98800	-126.593	-43.915	405.347	577.994	-40.813	411.259
1496	2.99000	-126.760	-43.913	405.335	578.542	-40.821	411.383
1497	2.99200	-126.905	-43.926	405.292	579.095	-40.812	411.268
1498	2.99400	-127.066	-43.893	405.314	579.662	-40.812	411.237
1499	2.99600	-127.236	-43.914	405.359	580.204	-40.823	411.343
1500	2.99800	-127.366	-43.899	405.361	580.744	-40.839	411.342
